{
    "f1_overall": {
        "mean": 0.6887177972650902,
        "lower": 0.6153614457831326,
        "upper": 0.7643312101910827
    },
    "precision_overall": {
        "mean": 0.6502819152296418,
        "lower": 0.5606890394315379,
        "upper": 0.7394090909090909
    },
    "recall_overall": {
        "mean": 0.7333853040556834,
        "lower": 0.6494787659639945,
        "upper": 0.8070475847152127
    },
    "accuracy_overall": {
        "mean": 0.5778144329896907,
        "lower": 0.4742268041237113,
        "upper": 0.6701030927835051
    },
    "f1_dosage": {
        "mean": 0.6013881462240778,
        "lower": 0.43673163418290856,
        "upper": 0.7674477331454076
    },
    "precision_dosage": {
        "mean": 0.5382830670008338,
        "lower": 0.3749387254901961,
        "upper": 0.7091055718475073
    },
    "recall_dosage": {
        "mean": 0.6846907064603657,
        "lower": 0.5102040816326531,
        "upper": 0.8571428571428571
    },
    "accuracy_dosage": {
        "mean": 0.23816494845360825,
        "lower": 0.16469072164948456,
        "upper": 0.32989690721649484
    },
    "f1_application-area": {
        "mean": 0.7348150503323251,
        "lower": 0.642090367428004,
        "upper": 0.8202454169130692
    },
    "precision_application-area": {
        "mean": 0.7148003966732259,
        "lower": 0.608101483836778,
        "upper": 0.8241899852724595
    },
    "recall_application-area": {
        "mean": 0.7581342048085115,
        "lower": 0.6486361361361361,
        "upper": 0.8495802663137871
    },
    "accuracy_application-area": {
        "mean": 0.17649484536082474,
        "lower": 0.10309278350515463,
        "upper": 0.25773195876288657
    },
    "f1 overall - strict": {
        "mean": 0.6303189746333815,
        "lower": 0.5567325746799432,
        "upper": 0.7050017281105991
    },
    "f1 overall - partial": {
        "mean": 0.6351911272998095,
        "lower": 0.5596843535483609,
        "upper": 0.7101852077792148
    },
    "precision overall - strict": {
        "mean": 0.5919637758533811,
        "lower": 0.5060160795272344,
        "upper": 0.6771572392665275
    },
    "precision overall - partial": {
        "mean": 0.5965381618561418,
        "lower": 0.5089921171171171,
        "upper": 0.6834876901637441
    },
    "recall overall - strict": {
        "mean": 0.6758744817433744,
        "lower": 0.5860326545366912,
        "upper": 0.7597536025618217
    },
    "recall overall - partial": {
        "mean": 0.6811000180064036,
        "lower": 0.587378640776699,
        "upper": 0.7674603594080338
    },
    "f1 APP - strict": {
        "mean": 0.6608659834787052,
        "lower": 0.5703942122279732,
        "upper": 0.7474886661894535
    },
    "f1 APP - partial": {
        "mean": 0.6608659834787052,
        "lower": 0.5703942122279732,
        "upper": 0.7474886661894535
    },
    "f1 DOS - strict": {
        "mean": 0.5717795118160405,
        "lower": 0.4055239898989899,
        "upper": 0.7391395688710266
    },
    "f1 DOS - partial": {
        "mean": 0.5717795118160405,
        "lower": 0.4055239898989899,
        "upper": 0.7391395688710266
    },
    "precision APP - strict": {
        "mean": 0.6448166248308682,
        "lower": 0.557657284768212,
        "upper": 0.7394692227438706
    },
    "precision APP - partial": {
        "mean": 0.6448166248308682,
        "lower": 0.557657284768212,
        "upper": 0.7394692227438706
    },
    "precision DOS - strict": {
        "mean": 0.5014506179863973,
        "lower": 0.3333333333333333,
        "upper": 0.6901667357083678
    },
    "precision DOS - partial": {
        "mean": 0.5014506179863973,
        "lower": 0.3333333333333333,
        "upper": 0.6901667357083678
    },
    "recall APP - strict": {
        "mean": 0.680620069386908,
        "lower": 0.5611083161442874,
        "upper": 0.7954586927670869
    },
    "recall APP - partial": {
        "mean": 0.680620069386908,
        "lower": 0.5611083161442874,
        "upper": 0.7954586927670869
    },
    "recall DOS - strict": {
        "mean": 0.6684746876162414,
        "lower": 0.5097781217750258,
        "upper": 0.8214484126984126
    },
    "recall DOS - partial": {
        "mean": 0.6684746876162414,
        "lower": 0.5097781217750258,
        "upper": 0.8214484126984126
    },
    "errors": {
        "correct": 132,
        "incorrect": 31,
        "partial": 0,
        "spurious": 61,
        "missed": 33,
        "nr_empty_with_pred": 10,
        "nr_empty_without_pred": 36
    }
}