{
    "Meta-Llama-3-8B-Instruct": {
        "metrics": {
            "f1-weighted": [
                0.38824703788134646,
                [
                    0.293354042896263,
                    0.48460172535044377
                ]
            ],
            "accuracy": [
                0.3645833333333333,
                [
                    0.2708333333333333,
                    0.46875
                ]
            ],
            "precision": [
                0.3664186507936508,
                [
                    0.24550143648577918,
                    0.4596938369596638
                ]
            ],
            "recall": [
                0.4583333333333333,
                [
                    0.3645833333333333,
                    0.5625
                ]
            ]
        }
    },
    "Med-LLaMA3-8B": {
        "metrics": {
            "f1-weighted": [
                0.0,
                [
                    NaN,
                    NaN
                ]
            ],
            "accuracy": [
                0.0,
                [
                    NaN,
                    NaN
                ]
            ],
            "precision": [
                0.0,
                [
                    NaN,
                    NaN
                ]
            ],
            "recall": [
                0.0,
                [
                    NaN,
                    NaN
                ]
            ]
        }
    },
    "Llama-3.1-8B-Instruct": {
        "metrics": {
            "f1-weighted": [
                0.3987763801295132,
                [
                    0.2937400708026879,
                    0.5031367324298567
                ]
            ],
            "accuracy": [
                0.3854166666666667,
                [
                    0.2916666666666667,
                    0.4895833333333333
                ]
            ],
            "precision": [
                0.47492521367521373,
                [
                    0.31015668578556105,
                    0.6588123500136182
                ]
            ],
            "recall": [
                0.5104166666666666,
                [
                    0.40625,
                    0.6041666666666666
                ]
            ]
        }
    },
    "Llama-2-70b-chat-hf": {
        "metrics": {
            "f1-weighted": [
                0.11763177683554397,
                [
                    0.06082993153690291,
                    0.2117340494268245
                ]
            ],
            "accuracy": [
                0.125,
                [
                    0.07291666666666667,
                    0.20833333333333334
                ]
            ],
            "precision": [
                0.4170553482587065,
                [
                    0.24367007649885702,
                    0.6698337804000092
                ]
            ],
            "recall": [
                0.13541666666666666,
                [
                    0.07291666666666667,
                    0.21875
                ]
            ]
        }
    },
    "tuned": {
        "metrics": {
            "f1-weighted": [
                0.816515680201025,
                [
                    0.7322063651633108,
                    0.885715182185018
                ]
            ],
            "accuracy": [
                0.8125,
                [
                    0.7291666666666666,
                    0.8854166666666666
                ]
            ],
            "precision": [
                0.8264550264550264,
                [
                    0.7198884547932589,
                    0.8809982811533292
                ]
            ],
            "recall": [
                0.8125,
                [
                    0.7291666666666666,
                    0.8854166666666666
                ]
            ]
        }
    },
    "MeLLaMA-70B-chat": {
        "metrics": {
            "f1-weighted": [
                0.1733316133470932,
                [
                    0.09938631557548658,
                    0.26502694074857014
                ]
            ],
            "accuracy": [
                0.2708333333333333,
                [
                    0.1875,
                    0.3645833333333333
                ]
            ],
            "precision": [
                0.13660714285714284,
                [
                    0.07046085980354815,
                    0.22505192914748037
                ]
            ],
            "recall": [
                0.2708333333333333,
                [
                    0.1875,
                    0.3645833333333333
                ]
            ]
        }
    },
    "MeLLaMA-13B-chat": {
        "metrics": {
            "f1-weighted": [
                0.028186274509803922,
                [
                    0.00809636918461663,
                    0.07020662769400639
                ]
            ],
            "accuracy": [
                0.10416666666666667,
                [
                    0.052083333333333336,
                    0.17708333333333334
                ]
            ],
            "precision": [
                0.016532258064516133,
                [
                    0.004406039562289562,
                    0.04616898654236859
                ]
            ],
            "recall": [
                0.10416666666666667,
                [
                    0.052083333333333336,
                    0.17708333333333334
                ]
            ]
        }
    },
    "gpt-4o-mini": {
        "metrics": {
            "f1-weighted": [
                0.4527621136173768,
                [
                    0.3481336890750877,
                    0.5595037442139837
                ]
            ],
            "accuracy": [
                0.46875,
                [
                    0.375,
                    0.5729166666666666
                ]
            ],
            "precision": [
                0.5222477175602175,
                [
                    0.33782788869226776,
                    0.612480216094351
                ]
            ],
            "recall": [
                0.5104166666666666,
                [
                    0.4166666666666667,
                    0.6145833333333334
                ]
            ]
        }
    },
    "gpt-4o-2024-08-06": {
        "metrics": {
            "f1-weighted": [
                0.6656159618361703,
                [
                    0.5543703583920792,
                    0.7643221428886371
                ]
            ],
            "accuracy": [
                0.6979166666666666,
                [
                    0.6041666666666666,
                    0.78125
                ]
            ],
            "precision": [
                0.7389364919354838,
                [
                    0.5469058846345065,
                    0.8046150412162499
                ]
            ],
            "recall": [
                0.6979166666666666,
                [
                    0.6041666666666666,
                    0.78125
                ]
            ]
        }
    },
    "Llama-2-13b-chat-hf": {
        "metrics": {
            "f1-weighted": [
                0.04411151960784313,
                [
                    0.010008169934640524,
                    0.1194473534010349
                ]
            ],
            "accuracy": [
                0.07291666666666667,
                [
                    0.03125,
                    0.13541666666666666
                ]
            ],
            "precision": [
                0.15503102836879432,
                [
                    0.01340868794326241,
                    0.33873660026988867
                ]
            ],