{
    "gpt-4o-2024-08-06": {
        "metrics": {
            "f1-weighted": [
                0.8506588319088318,
                [
                    0.7517056896286117,
                    0.9237855860031801
                ]
            ],
            "accuracy": [
                0.875,
                [
                    0.8020833333333334,
                    0.9270833333333334
                ]
            ],
            "precision": [
                0.8872459349593496,
                [
                    0.7474654192092307,
                    0.9333799771780573
                ]
            ],
            "recall": [
                0.875,
                [
                    0.8020833333333334,
                    0.9270833333333334
                ]
            ]
        },
        "nr_faulty_parsable": 1,
        "nr_non_parsable": 0
    },
    "Meta-Llama-3-8B-Instruct": {
        "metrics": {
            "f1-weighted": [
                0.4363972254597254,
                [
                    0.33308421652363296,
                    0.5348541039214402
                ]
            ],
            "accuracy": [
                0.2708333333333333,
                [
                    0.1875,
                    0.3645833333333333
                ]
            ],
            "precision": [
                0.7315756556245686,
                [
                    0.5813752696729202,
                    0.823744525504518
                ]
            ],
            "recall": [
                0.3854166666666667,
                [
                    0.2916666666666667,
                    0.4895833333333333
                ]
            ]
        },
        "nr_faulty_parsable": 0,
        "nr_non_parsable": 2
    },
    "gpt-4o-mini": {
        "metrics": {
            "f1-weighted": [
                0.6503565878565879,
                [
                    0.5441656619649251,
                    0.7346429305101658
                ]
            ],
            "accuracy": [
                0.6145833333333334,
                [
                    0.5104166666666666,
                    0.7083333333333334
                ]
            ],
            "precision": [
                0.6588214573268921,
                [
                    0.5288287551765605,
                    0.7623538720729215
                ]
            ],
            "recall": [
                0.6770833333333334,
                [
                    0.5729166666666666,
                    0.7604166666666666
                ]
            ]
        },
        "nr_faulty_parsable": 4,
        "nr_non_parsable": 0
    },
    "MeLLaMA-13B-chat": {
        "metrics": {
            "f1-weighted": [
                0.5797032828282829,
                [
                    0.47420324742135705,
                    0.6747334037679947
                ]
            ],
            "accuracy": [
                0.5520833333333334,
                [
                    0.4479166666666667,
                    0.6458333333333334
                ]
            ],
            "precision": [
                0.6497365900383142,
                [
                    0.5084703096989261,
                    0.7666036216971535
                ]
            ],
            "recall": [
                0.5520833333333334,
                [
                    0.4479166666666667,
                    0.6458333333333334
                ]
            ]
        },
        "nr_faulty_parsable": 56,
        "nr_non_parsable": 3
    },
    "Llama-3.1-8B-Instruct": {
        "metrics": {
            "f1-weighted": [
                0.6749338624338623,
                [
                    0.5677764482787017,
                    0.7598150756964563
                ]
            ],
            "accuracy": [
                0.65625,
                [
                    0.5520833333333334,
                    0.75
                ]
            ],
            "precision": [
                0.6781001984126984,
                [
                    0.5454765252187892,
                    0.7828526748107089
                ]
            ],
            "recall": [
                0.7083333333333334,
                [
                    0.6145833333333334,
                    0.7916666666666666
                ]
            ]
        },
        "nr_faulty_parsable": 4,
        "nr_non_parsable": 0
    },
    "Llama-2-70b-chat-hf": {
        "metrics": {
            "f1-weighted": [
                0.6736967275494673,
                [
                    0.564835635099703,
                    0.763392673773296
                ]
            ],
            "accuracy": [
                0.6875,
                [
                    0.59375,
                    0.7708333333333334
                ]
            ],
            "precision": [
                0.671585648148148,
                [
                    0.5352675644657978,
                    0.7806236182781782
                ]
            ],
            "recall": [
                0.6875,
                [
                    0.59375,
                    0.7708333333333334
                ]
            ]
        },
        "nr_faulty_parsable": 0,
        "nr_non_parsable": 0
    },
    "Llama-2-13b-chat-hf": {
        "metrics": {
            "f1-weighted": [
                0.09108495670995671,
                [
                    0.03805686215407444,
                    0.17483827741343363
                ]
            ],
            "accuracy": [
                0.11458333333333333,
                [
                    0.0625,
                    0.1875
                ]
            ],
            "precision": [
                0.5497049916457811,
                [
                    0.016806498412066804,
                    0.8513051604135422
                ]
            ],
            "recall": [
                0.125,
                [
                    0.07291666666666667,
                    0.20833333333333334
                ]
            ]
        },
        "nr_faulty_parsable": 2,
        "nr_non_parsable": 15
    },
    "MeLLaMA-70B-chat": {
        "metrics": {
            "f1-weighted": [
                0.0,
                [
                    NaN,
                    NaN
                ]
            ],
            "accuracy": [
                0.0,
                [
                    NaN,
                    NaN
                ]
            ],
            "precision": [
                0.0,
                [
                    NaN,
                    NaN
                ]
            ],
            "recall": [
                0.0,
                [
                    NaN,
                    NaN
                ]
            ]
        },
        "nr_faulty_parsable": 0,
        "nr_non_parsable": 96
    },
    "Med-LLaMA3-8B": {
        "metrics": {
            "f1-weighted": [
                0.6302410901467506,
                [
                    0.5145833333333333,
                    0.7345588235294117
                ]
            ],
            "accuracy": [
                0.6354166666666666,
                [
                    0.5416666666666666,
                    0.7291666666666666
                ]
            ],
            "precision": [
                0.5894607843137255,
                [
                    0.45569467047344364,
                    0.7171801227690111
                ]
            ],
            "recall": [
                0.6770833333333334,
                [
                    0.5833333333333334,
                    0.7708333333333334
                ]
            ]
        },
        "nr_faulty_parsable": 95,
        "nr_non_parsable": 1
    },
    "biobert": {
        "metrics": {
            "f1-weighted": [
                0.942278747742324,
                [
                    0.8719977595463082,
                    0.9791666666666666
                ]
            ],