{
    "gpt-4o-2024-08-06": {
        "metrics": {
            "f1-weighted": [
                0.8506588319088318,
                [
                    0.7517056896286117,
                    0.9237855860031801
                ]
            ],
            "accuracy": [
                0.875,
                [
                    0.8020833333333334,
                    0.9270833333333334
                ]
            ],
            "precision": [
                0.8872459349593496,
                [
                    0.7474654192092307,
                    0.9333799771780573
                ]
            ],
            "recall": [
                0.875,
                [
                    0.8020833333333334,
                    0.9270833333333334
                ]
            ]
        }
    },
    "Meta-Llama-3-8B-Instruct": {
        "metrics": {
            "f1-weighted": [
                0.4388736263736264,
                [
                    0.33542152916232676,
                    0.5363007160444627
                ]
            ],
            "accuracy": [
                0.28125,
                [
                    0.19791666666666666,
                    0.375
                ]
            ],
            "precision": [
                0.7329831932773109,
                [
                    0.5834357464790824,
                    0.8247704655623163
                ]
            ],
            "recall": [
                0.3958333333333333,
                [
                    0.3020833333333333,
                    0.5
                ]
            ]
        }
    },
    "gpt-4o-mini": {
        "metrics": {
            "f1-weighted": [
                0.6503565878565879,
                [
                    0.5441656619649251,
                    0.7346429305101658
                ]
            ],
            "accuracy": [
                0.6145833333333334,
                [
                    0.5104166666666666,
                    0.7083333333333334
                ]
            ],
            "precision": [
                0.6588214573268921,
                [
                    0.5288287551765605,
                    0.7623538720729215
                ]
            ],
            "recall": [
                0.6770833333333334,
                [
                    0.5729166666666666,
                    0.7604166666666666
                ]
            ]
        }
    },
    "Llama-3.1-8B-Instruct": {
        "metrics": {
            "f1-weighted": [
                0.6749338624338623,
                [
                    0.5677764482787017,
                    0.7598150756964563
                ]
            ],
            "accuracy": [
                0.65625,
                [
                    0.5520833333333334,
                    0.75
                ]
            ],
            "precision": [
                0.6781001984126984,
                [
                    0.5454765252187892,
                    0.7828526748107089
                ]
            ],
            "recall": [
                0.7083333333333334,
                [
                    0.6145833333333334,
                    0.7916666666666666
                ]
            ]
        }
    },
    "tuned": {
        "metrics": {
            "f1-weighted": [
                0.9440761784511785,
                [
                    0.8753556415916028,
                    0.9797311165845648
                ]
            ],
            "accuracy": [
                0.9479166666666666,
                [
                    0.8854166666666666,
                    0.9791666666666666
                ]
            ],
            "precision": [
                0.9455357142857143,
                [
                    0.861122884655497,
                    0.9791666666666666
                ]
            ],
            "recall": [
                0.9479166666666666,
                [
                    0.8854166666666666,
                    0.9791666666666666
                ]
            ]
        }
    },
    "MeLLaMA-13B-chat": {
        "metrics": {
            "f1-weighted": [
                0.35651025874267234,
                [
                    0.2527961569569868,
                    0.4595810051738575
                ]
            ],
            "accuracy": [
                0.2916666666666667,
                [
                    0.20833333333333334,
                    0.3854166666666667
                ]
            ],
            "precision": [
                0.7068811824246607,
                [
                    0.5134390249104106,
                    0.8431645075272646
                ]
            ],
            "recall": [
                0.3020833333333333,
                [
                    0.21875,
                    0.3958333333333333
                ]
            ]
        }
    },
    "Llama-2-13b-chat-hf": {
        "metrics": {
            "f1-weighted": [
                0.08985946651387829,
                [
                    0.03717750050532634,
                    0.17308713272318127
                ]
            ],
            "accuracy": [
                0.11458333333333333,
                [
                    0.0625,
                    0.1875
                ]
            ],
            "precision": [
                0.5488429226802638,
                [
                    0.016493343728008897,
                    0.8505979744896491
                ]
            ],
            "recall": [
                0.125,
                [
                    0.07291666666666667,
                    0.20833333333333334
                ]
            ]
        }
    },
    "MeLLaMA-70B-chat": {
        "metrics": {
            "f1-weighted": [
                0.7284992784992785,
                [
                    0.6162339956322918,
                    0.826030828832732
                ]
            ],
            "accuracy": [
                0.7708333333333334,
                [
                    0.6770833333333334,
                    0.84375
                ]
            ],
            "precision": [
                0.6843330280830281,
                [
                    0.5567711707996574,
                    0.7931850176913253
                ]
            ],
            "recall": [
                0.8020833333333334,
                [
                    0.71875,
                    0.875
                ]
            ]
        }
    },
    "Llama-2-70b-chat-hf": {
        "metrics": {
            "f1-weighted": [
                0.6966948569392177,
                [
                    0.5896714957909801,
                    0.7864525065936503
                ]
            ],
            "accuracy": [
                0.6979166666666666,
                [
                    0.6041666666666666,
                    0.78125
                ]
            ],
            "precision": [
                0.7950199771689497,
                [
                    0.6678550460844911,
                    0.9255404355475026
                ]
            ],
            "recall": [
                0.7083333333333334,
                [
                    0.6145833333333334,
                    0.7916666666666666
                ]
            ]
        }
    },
    "Med-LLaMA3-8B": {
        "metrics": {
            "f1-weighted": [
                0.6302410901467506,
                [
                    0.5145833333333333,
                    0.7345588235294117
                ]
            ],
            "accuracy": [
                0.6354166666666666,
                [
                    0.5416666666666666,
                    0.7291666666666666
                ]
            ],
            "precision": [
                0.5894607843137255,
                [
                    0.45569467047344364,
                    0.7171801227690111
                ]
            ],