{
    "Llama-3.1-8B-Instruct_06-09-06": {
        "nr_faulty_parsable": 0,
        "nr_non_parsable": 0,
        "metrics_without_empty": {
            "f1-weighted": [
                0.42874007750563137,
                [
                    0.3261804867211808,
                    0.5240682505836203
                ]
            ],
            "accuracy": [
                0.3541666666666667,
                [
                    0.2604166666666667,
                    0.4479166666666667
                ]
            ],
            "precision": [
                0.556667202917203,
                [
                    0.3881775104810286,
                    0.6681034819587731
                ]
            ],
            "recall": [
                0.4479166666666667,
                [
                    0.34375,
                    0.5416666666666666
                ]
            ]
        },
        "metrics": {
            "f1-weighted": [
                0.42874007750563137,
                [
                    0.3261804867211808,
                    0.5240682505836203
                ]
            ],
            "accuracy": [
                0.3541666666666667,
                [
                    0.2604166666666667,
                    0.4479166666666667
                ]
            ],
            "precision": [
                0.556667202917203,
                [
                    0.3881775104810286,
                    0.6681034819587731
                ]
            ],
            "recall": [
                0.4479166666666667,
                [
                    0.34375,
                    0.5416666666666666
                ]
            ]
        },
        "nr_empty_tru": 0
    },
    "Med-LLaMA3-8B_06-09-06": {
        "nr_faulty_parsable": 0,
        "nr_non_parsable": 2,
        "metrics_without_empty": {
            "f1-weighted": [
                0.20757608102658984,
                [
                    0.13626047835962207,
                    0.29610796297535974
                ]
            ],
            "accuracy": [
                0.22340425531914893,
                [
                    0.14893617021276595,
                    0.3191489361702128
                ]
            ],
            "precision": [
                0.17367021276595748,
                [
                    0.10577915564754319,
                    0.2584817196471845
                ]
            ],
            "recall": [
                0.26595744680851063,
                [
                    0.18085106382978725,
                    0.3617021276595745
                ]
            ]
        },
        "metrics": {
            "f1-weighted": [
                0.20445350241545893,
                [
                    0.13145339430070227,
                    0.2910928989736254
                ]
            ],
            "accuracy": [
                0.21875,
                [
                    0.14583333333333334,
                    0.3125
                ]
            ],
            "precision": [
                0.17109375000000002,
                [
                    0.1030089396806913,
                    0.25387481526100353
                ]
            ],
            "recall": [
                0.2604166666666667,
                [
                    0.17708333333333334,
                    0.3541666666666667
                ]
            ]
        },
        "nr_empty_tru": 0
    },
    "gpt-4o-mini_09-09-09": {
        "nr_faulty_parsable": 0,
        "nr_non_parsable": 0,
        "metrics_without_empty": {
            "f1-weighted": [
                0.48482988732519394,
                [
                    0.37350167674497703,
                    0.5938400424352764
                ]
            ],
            "accuracy": [
                0.5104166666666666,
                [
                    0.40625,
                    0.6041666666666666
                ]
            ],
            "precision": [
                0.6063359315197551,
                [
                    0.428675597323204,
                    0.7357274599870566
                ]
            ],
            "recall": [
                0.5104166666666666,
                [
                    0.40625,
                    0.6041666666666666
                ]
            ]
        },
        "metrics": {
            "f1-weighted": [
                0.48482988732519394,
                [
                    0.37350167674497703,
                    0.5938400424352764
                ]
            ],
            "accuracy": [
                0.5104166666666666,
                [
                    0.40625,
                    0.6041666666666666
                ]
            ],
            "precision": [
                0.6063359315197551,
                [
                    0.428675597323204,
                    0.7357274599870566
                ]
            ],
            "recall": [
                0.5104166666666666,
                [
                    0.40625,
                    0.6041666666666666
                ]
            ]
        },
        "nr_empty_tru": 0
    },
    "Meta-Llama-3-8B-Instruct_06-09-06": {
        "nr_faulty_parsable": 0,
        "nr_non_parsable": 11,
        "metrics_without_empty": {
            "f1-weighted": [
                0.33297159051634756,
                [
                    0.23083113215672646,
                    0.4496229872780699
                ]
            ],
            "accuracy": [
                0.2823529411764706,
                [
                    0.2,
                    0.38823529411764707
                ]
            ],
            "precision": [
                0.6221132897603484,
                [
                    0.3446107397125583,
                    0.7864347004394412
                ]
            ],
            "recall": [
                0.29411764705882354,
                [
                    0.2,
                    0.4
                ]
            ]
        },
        "metrics": {
            "f1-weighted": [
                0.2975787150787151,
                [
                    0.20399898418403942,
                    0.4072115207098707
                ]
            ],
            "accuracy": [
                0.25,
                [
                    0.16666666666666666,
                    0.34375
                ]
            ],
            "precision": [
                0.5788242669753086,
                [
                    0.3153348960060148,
                    0.7348169838648162
                ]
            ],
            "recall": [
                0.2604166666666667,
                [
                    0.17708333333333334,
                    0.3541666666666667
                ]
            ]
        },
        "nr_empty_tru": 0
    },
    "gpt-4o-2024-08-06_21-08-21": {
        "nr_faulty_parsable": 0,
        "nr_non_parsable": 0,
        "metrics_without_empty": {
            "f1-weighted": [
                0.5784748021076146,
                [
                    0.4713202029152496,
                    0.6770131226299584
                ]
            ],
            "accuracy": [
                0.5833333333333334,
                [
                    0.4791666666666667,
                    0.6770833333333334
                ]
            ],
            "precision": [
                0.6384849006492229,
                [
                    0.5077248790714941,
                    0.729199233347629
                ]
            ],
            "recall": [
                0.5833333333333334,
                [
                    0.4791666666666667,
                    0.6770833333333334
                ]
            ]
        },
        "metrics": {
            "f1-weighted": [
                0.5784748021076146,
                [
                    0.4713202029152496,
                    0.6770131226299584
                ]
            ],