{
    "Llama-3.1-8B-Instruct": {
        "metrics": {
            "f1-weighted": [
                0.42874007750563137,
                [
                    0.3261804867211808,
                    0.5240682505836203
                ]
            ],
            "accuracy": [
                0.3541666666666667,
                [
                    0.2604166666666667,
                    0.4479166666666667
                ]
            ],
            "precision": [
                0.556667202917203,
                [
                    0.3881775104810286,
                    0.6681034819587731
                ]
            ],
            "recall": [
                0.4479166666666667,
                [
                    0.34375,
                    0.5416666666666666
                ]
            ]
        }
    },
    "MeLLaMA-70B-chat": {
        "metrics": {
            "f1-weighted": [
                0.2991505650719013,
                [
                    0.20475278600236488,
                    0.407152359639998
                ]
            ],
            "accuracy": [
                0.375,
                [
                    0.28125,
                    0.4791666666666667
                ]
            ],
            "precision": [
                0.38028565747614,
                [
                    0.18794017593247628,
                    0.6068400828166993
                ]
            ],
            "recall": [
                0.375,
                [
                    0.28125,
                    0.4791666666666667
                ]
            ]
        }
    },
    "MeLLaMA-13B-chat": {
        "metrics": {
            "f1-weighted": [
                0.2687301275732127,
                [
                    0.17615843013834456,
                    0.3700103285227764
                ]
            ],
            "accuracy": [
                0.2708333333333333,
                [
                    0.1875,
                    0.3645833333333333
                ]
            ],
            "precision": [
                0.39165574009324006,
                [
                    0.23661137023566928,
                    0.5316961645168524
                ]
            ],
            "recall": [
                0.2708333333333333,
                [
                    0.1875,
                    0.3645833333333333
                ]
            ]
        }
    },
    "Med-LLaMA3-8B": {
        "metrics": {
            "f1-weighted": [
                0.20445350241545893,
                [
                    0.13145339430070227,
                    0.2910928989736254
                ]
            ],
            "accuracy": [
                0.21875,
                [
                    0.14583333333333334,
                    0.3125
                ]
            ],
            "precision": [
                0.17109375000000002,
                [
                    0.1030089396806913,
                    0.25387481526100353
                ]
            ],
            "recall": [
                0.2604166666666667,
                [
                    0.17708333333333334,
                    0.3541666666666667
                ]
            ]
        }
    },
    "gpt-4o-mini": {
        "metrics": {
            "f1-weighted": [
                0.48482988732519394,
                [
                    0.37350167674497703,
                    0.5938400424352764
                ]
            ],
            "accuracy": [
                0.5104166666666666,
                [
                    0.40625,
                    0.6041666666666666
                ]
            ],
            "precision": [
                0.6063359315197551,
                [
                    0.428675597323204,
                    0.7357274599870566
                ]
            ],
            "recall": [
                0.5104166666666666,
                [
                    0.40625,
                    0.6041666666666666
                ]
            ]
        }
    },
    "Llama-2-13b-chat-hf": {
        "metrics": {
            "f1-weighted": [
                0.10714328458893678,
                [
                    0.05365764049875456,
                    0.18124485047156136
                ]
            ],
            "accuracy": [
                0.16666666666666666,
                [
                    0.10416666666666667,
                    0.25
                ]
            ],
            "precision": [
                0.11873357911687431,
                [
                    0.045026182059130275,
                    0.2453388192006143
                ]
            ],
            "recall": [
                0.16666666666666666,
                [
                    0.10416666666666667,
                    0.25
                ]
            ]
        }
    },
    "Meta-Llama-3-8B-Instruct": {
        "metrics": {
            "f1-weighted": [
                0.3531342706342706,
                [
                    0.25015203453834534,
                    0.4627027245852177
                ]
            ],
            "accuracy": [
                0.3229166666666667,
                [
                    0.22916666666666666,
                    0.4166666666666667
                ]
            ],
            "precision": [
                0.6236960618471035,
                [
                    0.3549495150964674,
                    0.7742476069861216
                ]
            ],
            "recall": [
                0.3333333333333333,
                [
                    0.23958333333333334,
                    0.4270833333333333
                ]
            ]
        }
    },
    "gpt-4o-2024-08-06": {
        "metrics": {
            "f1-weighted": [
                0.5784748021076146,
                [
                    0.4713202029152496,
                    0.6770131226299584
                ]
            ],
            "accuracy": [
                0.5833333333333334,
                [
                    0.4791666666666667,
                    0.6770833333333334
                ]
            ],
            "precision": [
                0.6384849006492229,
                [
                    0.5077248790714941,
                    0.729199233347629
                ]
            ],
            "recall": [
                0.5833333333333334,
                [
                    0.4791666666666667,
                    0.6770833333333334
                ]
            ]
        }
    },
    "Llama-2-70b-chat-hf": {
        "metrics": {
            "f1-weighted": [
                0.4373997008023936,
                [
                    0.3321730218621232,
                    0.5438417156325354
                ]
            ],
            "accuracy": [
                0.4479166666666667,
                [
                    0.3541666666666667,
                    0.5520833333333334
                ]
            ],
            "precision": [
                0.5723379629629629,
                [
                    0.4238342065073947,
                    0.6649518022222073
                ]
            ],
            "recall": [
                0.4479166666666667,
                [
                    0.3541666666666667,
                    0.5520833333333334
                ]
            ]
        }
    },
    "tuned": {
        "metrics": {
            "f1-weighted": [
                0.6662150443554258,
                [
                    0.5625916684441573,
                    0.7569813434348269
                ]
            ],
            "accuracy": [
                0.6666666666666666,
                [
                    0.5625,
                    0.7604166666666666
                ]
            ],
            "precision": [
                0.7173689668174963,
                [
                    0.5924287658031977,
                    0.7986130679035293
                ]
            ],