{
    "Llama-3.1-8B-Instruct": {
        "metrics": {
            "f1-weighted": [
                0.42874007750563137,
                [
                    0.3261804867211808,
                    0.5240682505836203
                ]
            ],
            "accuracy": [
                0.3541666666666667,
                [
                    0.2604166666666667,
                    0.4479166666666667
                ]
            ],
            "precision": [
                0.556667202917203,
                [
                    0.3881775104810286,
                    0.6681034819587731
                ]
            ],
            "recall": [
                0.4479166666666667,
                [
                    0.34375,
                    0.5416666666666666
                ]
            ]
        },
        "nr_faulty_parsable": 10,
        "nr_non_parsable": 0
    },
    "Med-LLaMA3-8B": {
        "metrics": {
            "f1-weighted": [
                0.20445350241545893,
                [
                    0.13145339430070227,
                    0.2910928989736254
                ]
            ],
            "accuracy": [
                0.21875,
                [
                    0.14583333333333334,
                    0.3125
                ]
            ],
            "precision": [
                0.17109375000000002,
                [
                    0.1030089396806913,
                    0.25387481526100353
                ]
            ],
            "recall": [
                0.2604166666666667,
                [
                    0.17708333333333334,
                    0.3541666666666667
                ]
            ]
        },
        "nr_faulty_parsable": 94,
        "nr_non_parsable": 2
    },
    "gpt-4o-mini": {
        "metrics": {
            "f1-weighted": [
                0.48482988732519394,
                [
                    0.37350167674497703,
                    0.5938400424352764
                ]
            ],
            "accuracy": [
                0.5104166666666666,
                [
                    0.40625,
                    0.6041666666666666
                ]
            ],
            "precision": [
                0.6063359315197551,
                [
                    0.428675597323204,
                    0.7357274599870566
                ]
            ],
            "recall": [
                0.5104166666666666,
                [
                    0.40625,
                    0.6041666666666666
                ]
            ]
        },
        "nr_faulty_parsable": 5,
        "nr_non_parsable": 0
    },
    "Meta-Llama-3-8B-Instruct": {
        "metrics": {
            "f1-weighted": [
                0.2975787150787151,
                [
                    0.20399898418403942,
                    0.4072115207098707
                ]
            ],
            "accuracy": [
                0.25,
                [
                    0.16666666666666666,
                    0.34375
                ]
            ],
            "precision": [
                0.5788242669753086,
                [
                    0.3153348960060148,
                    0.7348169838648162
                ]
            ],
            "recall": [
                0.2604166666666667,
                [
                    0.17708333333333334,
                    0.3541666666666667
                ]
            ]
        },
        "nr_faulty_parsable": 0,
        "nr_non_parsable": 11
    },
    "gpt-4o-2024-08-06": {
        "metrics": {
            "f1-weighted": [
                0.5784748021076146,
                [
                    0.4713202029152496,
                    0.6770131226299584
                ]
            ],
            "accuracy": [
                0.5833333333333334,
                [
                    0.4791666666666667,
                    0.6770833333333334
                ]
            ],
            "precision": [
                0.6384849006492229,
                [
                    0.5077248790714941,
                    0.729199233347629
                ]
            ],
            "recall": [
                0.5833333333333334,
                [
                    0.4791666666666667,
                    0.6770833333333334
                ]
            ]
        },
        "nr_faulty_parsable": 0,
        "nr_non_parsable": 0
    },
    "Llama-2-13b-chat-hf": {
        "metrics": {
            "f1-weighted": [
                0.10714328458893678,
                [
                    0.05365764049875456,
                    0.18124485047156136
                ]
            ],
            "accuracy": [
                0.16666666666666666,
                [
                    0.10416666666666667,
                    0.25
                ]
            ],
            "precision": [
                0.11873357911687431,
                [
                    0.045026182059130275,
                    0.2453388192006143
                ]
            ],
            "recall": [
                0.16666666666666666,
                [
                    0.10416666666666667,
                    0.25
                ]
            ]
        },
        "nr_faulty_parsable": 0,
        "nr_non_parsable": 1
    },
    "MeLLaMA-13B-chat": {
        "metrics": {
            "f1-weighted": [
                0.29031467557783347,
                [
                    0.20099361965831217,
                    0.3889461853775203
                ]
            ],
            "accuracy": [
                0.3333333333333333,
                [
                    0.25,
                    0.4270833333333333
                ]
            ],
            "precision": [
                0.39005127796376,
                [
                    0.2575357172025349,
                    0.4793852412086333
                ]
            ],
            "recall": [
                0.3333333333333333,
                [
                    0.25,
                    0.4270833333333333
                ]
            ]
        },
        "nr_faulty_parsable": 1,
        "nr_non_parsable": 4
    },
    "MeLLaMA-70B-chat": {
        "metrics": {
            "f1-weighted": [
                0.16161062378167643,
                [
                    0.09054914376012858,
                    0.2558951243067676
                ]
            ],
            "accuracy": [
                0.10416666666666667,
                [
                    0.052083333333333336,
                    0.17708333333333334
                ]
            ],
            "precision": [
                0.3854166666666667,
                [
                    0.2916666666666667,
                    0.5625
                ]
            ],
            "recall": [
                0.10416666666666667,
                [
                    0.052083333333333336,
                    0.17708333333333334
                ]
            ]
        },
        "nr_faulty_parsable": 0,
        "nr_non_parsable": 82
    },
    "Llama-2-70b-chat-hf": {
        "metrics": {
            "f1-weighted": [
                0.36455235940530056,
                [
                    0.2655189989220025,
                    0.4686451949427789
                ]
            ],
            "accuracy": [
                0.3854166666666667,
                [
                    0.2916666666666667,
                    0.4791666666666667
                ]
            ],
            "precision": [
                0.5031828703703703,
                [
                    0.2750359421427171,
                    0.5990626017902717
                ]
            ],
            "recall": [
                0.3854166666666667,
                [
                    0.2916666666666667,
                    0.4791666666666667
                ]
            ]
        },
        "nr_faulty_parsable": 0,
        "nr_non_parsable": 0
    },