{
    "gpt-4o-2024-08-06": {
        "metrics": {
            "f1-weighted": [
                0.6448990890796796,
                [
                    0.5339563781628605,
                    0.7320489471533056
                ]
            ],
            "accuracy": [
                0.5957446808510638,
                [
                    0.5,
                    0.6914893617021277
                ]
            ],
            "precision": [
                0.8071937321937321,
                [
                    0.6634028358519879,
                    0.8568550114313221
                ]
            ],
            "recall": [
                0.6666666666666666,
                [
                    0.5714285714285714,
                    0.7551020408163265
                ]
            ]
        }
    },
    "Llama-3.1-8B-Instruct": {
        "metrics": {
            "f1-weighted": [
                0.304944360516208,
                [
                    0.2063508061881254,
                    0.4013459755809195
                ]
            ],
            "accuracy": [
                0.3191489361702128,
                [
                    0.22340425531914893,
                    0.4148936170212766
                ]
            ],
            "precision": [
                0.22708532448792185,
                [
                    0.14158899456034252,
                    0.315493536005201
                ]
            ],
            "recall": [
                0.5151515151515151,
                [
                    0.4166666666666667,
                    0.6153846153846154
                ]
            ]
        }
    },
    "MeLLaMA-70B-chat": {
        "metrics": {
            "f1-weighted": [
                0.39740673993165687,
                [
                    0.29457352426647365,
                    0.5037269226823087
                ]
            ],
            "accuracy": [
                0.3829787234042553,
                [
                    0.2872340425531915,
                    0.48936170212765956
                ]
            ],
            "precision": [
                0.7677917895309199,
                [
                    0.25041903325543485,
                    0.8196387146765032
                ]
            ],
            "recall": [
                0.46464646464646464,
                [
                    0.37,
                    0.5656565656565656
                ]
            ]
        }
    },
    "Llama-2-13b-chat-hf": {
        "metrics": {
            "f1-weighted": [
                0.3452854664975877,
                [
                    0.2485321675346109,
                    0.4509537616415973
                ]
            ],
            "accuracy": [
                0.2978723404255319,
                [
                    0.2127659574468085,
                    0.39361702127659576
                ]
            ],
            "precision": [
                0.39562289562289565,
                [
                    0.28050604394303413,
                    0.4950418459551632
                ]
            ],
            "recall": [
                0.35353535353535354,
                [
                    0.2653061224489796,
                    0.45454545454545453
                ]
            ]
        }
    },
    "Llama-2-70b-chat-hf": {
        "metrics": {
            "f1-weighted": [
                0.3359904463352739,
                [
                    0.23679262730524173,
                    0.4388037558832847
                ]
            ],
            "accuracy": [
                0.3723404255319149,
                [
                    0.2765957446808511,
                    0.46808510638297873
                ]
            ],
            "precision": [
                0.28777378244923885,
                [
                    0.18351016736603656,
                    0.386325683713356
                ]
            ],
            "recall": [
                0.42424242424242425,
                [
                    0.32673267326732675,
                    0.5204081632653061
                ]
            ]
        }
    },
    "Med-LLaMA3-8B": {
        "metrics": {
            "f1-weighted": [
                0.11635883988273867,
                [
                    0.06354138101313835,
                    0.18068813160474514
                ]
            ],
            "accuracy": [
                0.07446808510638298,
                [
                    0.031914893617021274,
                    0.14893617021276595
                ]
            ],
            "precision": [
                0.10764790764790762,
                [
                    0.05141898072523504,
                    0.1868914797344175
                ]
            ],
            "recall": [
                0.21212121212121213,
                [
                    0.14,
                    0.3020833333333333
                ]
            ]
        }
    },
    "MeLLaMA-13B-chat": {
        "metrics": {
            "f1-weighted": [
                0.42273109886746246,
                [
                    0.3159278725539895,
                    0.5332379759212725
                ]
            ],
            "accuracy": [
                0.22340425531914893,
                [
                    0.14893617021276595,
                    0.3191489361702128
                ]
            ],
            "precision": [
                0.711857825567503,
                [
                    0.5790608677698744,
                    0.8085970113603522
                ]
            ],
            "recall": [
                0.36363636363636365,
                [
                    0.27,
                    0.46875
                ]
            ]
        }
    },
    "tuned": {
        "metrics": {
            "f1-weighted": [
                0.8668667869921788,
                [
                    0.7909590630724869,
                    0.9220983169762054
                ]
            ],
            "accuracy": [
                0.851063829787234,
                [
                    0.7659574468085106,
                    0.9148936170212766
                ]
            ],
            "precision": [
                0.87634040530382,
                [
                    0.795120514959062,
                    0.9273093868293585
                ]
            ],
            "recall": [
                0.8686868686868687,
                [
                    0.7938144329896907,
                    0.9270833333333334
                ]
            ]
        }
    },
    "Meta-Llama-3-8B-Instruct": {
        "metrics": {
            "f1-weighted": [
                0.3306636011859893,
                [
                    0.22861118540311193,
                    0.4322635148266279
                ]
            ],
            "accuracy": [
                0.32978723404255317,
                [
                    0.23404255319148937,
                    0.425531914893617
                ]
            ],
            "precision": [
                0.25618080161472107,
                [
                    0.16272061642018676,
                    0.3517272476144072
                ]
            ],
            "recall": [
                0.5050505050505051,
                [
                    0.40816326530612246,
                    0.6060606060606061
                ]
            ]
        }
    },
    "gpt-4o-mini": {
        "metrics": {
            "f1-weighted": [
                0.3616419757053487,
                [
                    0.2645770163875547,
                    0.4566834890355029
                ]
            ],
            "accuracy": [
                0.3829787234042553,
                [
                    0.2872340425531915,
                    0.48936170212765956
                ]
            ],