{
    "gpt-4o-2024-08-06": {
        "metrics": {
            "f1-weighted": [
                0.6448990890796796,
                [
                    0.5339563781628605,
                    0.7320489471533056
                ]
            ],
            "accuracy": [
                0.5957446808510638,
                [
                    0.5,
                    0.6914893617021277
                ]
            ],
            "precision": [
                0.8071937321937321,
                [
                    0.6634028358519879,
                    0.8568550114313221
                ]
            ],
            "recall": [
                0.6666666666666666,
                [
                    0.5714285714285714,
                    0.7551020408163265
                ]
            ]
        },
        "nr_faulty_parsable": 0,
        "nr_non_parsable": 0
    },
    "Llama-3.1-8B-Instruct": {
        "metrics": {
            "f1-weighted": [
                0.304944360516208,
                [
                    0.2063508061881254,
                    0.4013459755809195
                ]
            ],
            "accuracy": [
                0.3191489361702128,
                [
                    0.22340425531914893,
                    0.4148936170212766
                ]
            ],
            "precision": [
                0.22708532448792185,
                [
                    0.14158899456034252,
                    0.315493536005201
                ]
            ],
            "recall": [
                0.5151515151515151,
                [
                    0.4166666666666667,
                    0.6153846153846154
                ]
            ]
        },
        "nr_faulty_parsable": 0,
        "nr_non_parsable": 0
    },
    "MeLLaMA-70B-chat": {
        "metrics": {
            "f1-weighted": [
                0.13966329966329966,
                [
                    0.0724886912223531,
                    0.24539220753774307
                ]
            ],
            "accuracy": [
                0.09574468085106383,
                [
                    0.0425531914893617,
                    0.1702127659574468
                ]
            ],
            "precision": [
                0.2962962962962963,
                [
                    0.1700499553133248,
                    0.4411764705882353
                ]
            ],
            "recall": [
                0.10101010101010101,
                [
                    0.05,
                    0.1836734693877551
                ]
            ]
        },
        "nr_faulty_parsable": 0,
        "nr_non_parsable": 74
    },
    "Llama-2-13b-chat-hf": {
        "metrics": {
            "f1-weighted": [
                0.3452854664975877,
                [
                    0.2485321675346109,
                    0.4509537616415973
                ]
            ],
            "accuracy": [
                0.2978723404255319,
                [
                    0.2127659574468085,
                    0.39361702127659576
                ]
            ],
            "precision": [
                0.39562289562289565,
                [
                    0.28050604394303413,
                    0.4950418459551632
                ]
            ],
            "recall": [
                0.35353535353535354,
                [
                    0.2653061224489796,
                    0.45454545454545453
                ]
            ]
        },
        "nr_faulty_parsable": 0,
        "nr_non_parsable": 0
    },
    "Llama-2-70b-chat-hf": {
        "metrics": {
            "f1-weighted": [
                0.32118174223437385,
                [
                    0.21830296292909349,
                    0.42326681089399143
                ]
            ],
            "accuracy": [
                0.3617021276595745,
                [
                    0.26595744680851063,
                    0.4574468085106383
                ]
            ],
            "precision": [
                0.2763291219404072,
                [
                    0.170698596268751,
                    0.37779774239886665
                ]
            ],
            "recall": [
                0.40404040404040403,
                [
                    0.30927835051546393,
                    0.5
                ]
            ]
        },
        "nr_faulty_parsable": 0,
        "nr_non_parsable": 0
    },
    "Med-LLaMA3-8B": {
        "metrics": {
            "f1-weighted": [
                0.11635883988273867,
                [
                    0.06354138101313835,
                    0.18068813160474514
                ]
            ],
            "accuracy": [
                0.07446808510638298,
                [
                    0.031914893617021274,
                    0.14893617021276595
                ]
            ],
            "precision": [
                0.10764790764790762,
                [
                    0.05141898072523504,
                    0.1868914797344175
                ]
            ],
            "recall": [
                0.21212121212121213,
                [
                    0.14,
                    0.3020833333333333
                ]
            ]
        },
        "nr_faulty_parsable": 94,
        "nr_non_parsable": 0
    },
    "MeLLaMA-13B-chat": {
        "metrics": {
            "f1-weighted": [
                0.3380579543851609,
                [
                    0.2371093060883129,
                    0.4419661830201669
                ]
            ],
            "accuracy": [
                0.3617021276595745,
                [
                    0.26595744680851063,
                    0.46808510638297873
                ]
            ],
            "precision": [
                0.30804180804180803,
                [
                    0.1938607822562123,
                    0.4120583573281892
                ]
            ],
            "recall": [
                0.3939393939393939,
                [
                    0.30097087378640774,
                    0.494949494949495
                ]
            ]
        },
        "nr_faulty_parsable": 6,
        "nr_non_parsable": 1
    },
    "Meta-Llama-3-8B-Instruct": {
        "metrics": {
            "f1-weighted": [
                0.33322891464156024,
                [
                    0.23134096892398068,
                    0.43573556888120446
                ]
            ],
            "accuracy": [
                0.32978723404255317,
                [
                    0.23404255319148937,
                    0.425531914893617
                ]
            ],
            "precision": [
                0.25890684251149365,
                [
                    0.16454536551527235,
                    0.3546908100677556
                ]
            ],
            "recall": [
                0.5050505050505051,
                [
                    0.40816326530612246,
                    0.6060606060606061
                ]
            ]
        },
        "nr_faulty_parsable": 0,
        "nr_non_parsable": 1
    },
    "gpt-4o-mini": {
        "metrics": {
            "f1-weighted": [
                0.3616419757053487,
                [
                    0.2645770163875547,
                    0.4566834890355029
                ]
            ],
            "accuracy": [
                0.3829787234042553,
                [
                    0.2872340425531915,
                    0.48936170212765956
                ]
            ],
            "precision": [
                0.30198279087167973,
                [
                    0.2069580311818085,
                    0.3935587479638342
                ]
            ],
            "recall": [
                0.5050505050505051,
                [
                    0.40816326530612246,
                    0.6060606060606061
                ]
            ]
        },