{
    "Llama-3.1-8B-Instruct": {
        "metrics": {
            "f1-weighted": [
                0.7710822501414917,
                [
                    0.7183144077112515,
                    0.8128419569280544
                ]
            ],
            "accuracy": [
                0.24468085106382978,
                [
                    0.1595744680851064,
                    0.3404255319148936
                ]
            ],
            "precision": [
                0.7466906815066323,
                [
                    0.6866001604796932,
                    0.7862196149247362
                ]
            ],
            "recall": [
                0.8773006134969326,
                [
                    0.8129410026784589,
                    0.9244186046511628
                ]
            ]
        }
    },
    "gpt-4o-mini": {
        "metrics": {
            "f1-weighted": [
                0.7979050737111784,
                [
                    0.7441616594511729,
                    0.8348052004873484
                ]
            ],
            "accuracy": [
                0.18085106382978725,
                [
                    0.11702127659574468,
                    0.26595744680851063
                ]
            ],
            "precision": [
                0.7367989152517059,
                [
                    0.6690549603305067,
                    0.7776748954249302
                ]
            ],
            "recall": [
                0.9325153374233128,
                [
                    0.8853563658621707,
                    0.9647058823529412
                ]
            ]
        }
    },
    "tuned": {
        "metrics": {
            "f1-weighted": [
                0.8368190737802984,
                [
                    0.7804952640503817,
                    0.8821360351184252
                ]
            ],
            "accuracy": [
                0.6063829787234043,
                [
                    0.5,
                    0.7021276595744681
                ]
            ],
            "precision": [
                0.8317215752798575,
                [
                    0.7581590000019739,
                    0.8752205173531851
                ]
            ],
            "recall": [
                0.852760736196319,
                [
                    0.7848837209302325,
                    0.9030303030303031
                ]
            ]
        }
    },
    "Med-LLaMA3-8B": {
        "metrics": {
            "f1-weighted": [
                0.08445684535136347,
                [
                    0.04421121314091556,
                    0.1459565532895927
                ]
            ],
            "accuracy": [
                0.0,
                [
                    NaN,
                    NaN
                ]
            ],
            "precision": [
                0.47948437043529063,
                [
                    0.09800950276963745,
                    0.6538712030470273
                ]
            ],
            "recall": [
                0.07975460122699386,
                [
                    0.04242424242424243,
                    0.13291139240506328
                ]
            ]
        }
    },
    "MeLLaMA-13B-chat": {
        "metrics": {
            "f1-weighted": [
                0.34598854961160536,
                [
                    0.2757148822989722,
                    0.41516946712835867
                ]
            ],
            "accuracy": [
                0.0425531914893617,
                [
                    0.010638297872340425,
                    0.10638297872340426
                ]
            ],
            "precision": [
                0.4808509282128913,
                [
                    0.37346816655100157,
                    0.5691788487700199
                ]
            ],
            "recall": [
                0.32515337423312884,
                [
                    0.24848484848484848,
                    0.4094913748278722
                ]
            ]
        }
    },
    "Llama-2-70b-chat-hf": {
        "metrics": {
            "f1-weighted": [
                0.7047332248585795,
                [
                    0.6475352922133051,
                    0.7501710726064033
                ]
            ],
            "accuracy": [
                0.23404255319148937,
                [
                    0.1595744680851064,
                    0.32978723404255317
                ]
            ],
            "precision": [
                0.6831861811923161,
                [
                    0.6160694788733956,
                    0.7276383373062341
                ]
            ],
            "recall": [
                0.7975460122699386,
                [
                    0.7300222863908623,
                    0.8531468531468531
                ]
            ]
        }
    },
    "MeLLaMA-70B-chat": {
        "metrics": {
            "f1-weighted": [
                0.7208538942032985,
                [
                    0.6545926194650019,
                    0.7696895936609801
                ]
            ],
            "accuracy": [
                0.2872340425531915,
                [
                    0.20212765957446807,
                    0.3829787234042553
                ]
            ],
            "precision": [
                0.6545261006476055,
                [
                    0.5700787664565227,
                    0.7081681096680484
                ]
            ],
            "recall": [
                0.8343558282208589,
                [
                    0.7615133484873464,
                    0.8881987577639752
                ]
            ]
        }
    },
    "Meta-Llama-3-8B-Instruct": {
        "metrics": {
            "f1-weighted": [
                0.7676211871583328,
                [
                    0.7183853324444025,
                    0.807851913435306
                ]
            ],
            "accuracy": [
                0.2553191489361702,
                [
                    0.1702127659574468,
                    0.35106382978723405
                ]
            ],
            "precision": [
                0.7495536492469008,
                [
                    0.6868858359033579,
                    0.7943258419265283
                ]
            ],
            "recall": [
                0.8404907975460123,
                [
                    0.7739947130907691,
                    0.8933333333333333
                ]
            ]
        }
    },
    "Llama-2-13b-chat-hf": {
        "metrics": {
            "f1-weighted": [
                0.511359669975693,
                [
                    0.4464047401350036,
                    0.5745428411661081
                ]
            ],
            "accuracy": [
                0.1702127659574468,
                [
                    0.10638297872340426,
                    0.2553191489361702
                ]
            ],
            "precision": [
                0.6073518594857618,
                [
                    0.51630641169763,
                    0.6793648692031556
                ]
            ],
            "recall": [
                0.50920245398773,
                [
                    0.4336014314060271,
                    0.5838509316770186
                ]
            ]
        }
    },
    "gpt-4o-2024-08-06": {
        "metrics": {
            "f1-weighted": [
                0.855756263464672,
                [
                    0.8189690390593743,
                    0.8856149587297197
                ]
            ],
            "accuracy": [
                0.5212765957446809,
                [
                    0.425531914893617,
                    0.6170212765957447
                ]
            ],