{
    "Llama-3.1-8B-Instruct": {
        "metrics": {
            "f1-weighted": [
                0.7710822501414917,
                [
                    0.7183144077112515,
                    0.8128419569280544
                ]
            ],
            "accuracy": [
                0.24468085106382978,
                [
                    0.1595744680851064,
                    0.3404255319148936
                ]
            ],
            "precision": [
                0.7466906815066323,
                [
                    0.6866001604796932,
                    0.7862196149247362
                ]
            ],
            "recall": [
                0.8773006134969326,
                [
                    0.8129410026784589,
                    0.9244186046511628
                ]
            ]
        },
        "nr_faulty_parsable": 0,
        "nr_non_parsable": 1
    },
    "gpt-4o-mini": {
        "metrics": {
            "f1-weighted": [
                0.7979050737111784,
                [
                    0.7441616594511729,
                    0.8348052004873484
                ]
            ],
            "accuracy": [
                0.18085106382978725,
                [
                    0.11702127659574468,
                    0.26595744680851063
                ]
            ],
            "precision": [
                0.7367989152517059,
                [
                    0.6690549603305067,
                    0.7776748954249302
                ]
            ],
            "recall": [
                0.9325153374233128,
                [
                    0.8853563658621707,
                    0.9647058823529412
                ]
            ]
        },
        "nr_faulty_parsable": 0,
        "nr_non_parsable": 0
    },
    "Llama-2-13b-chat-hf": {
        "metrics": {
            "f1-weighted": [
                0.511359669975693,
                [
                    0.4464047401350036,
                    0.5745428411661081
                ]
            ],
            "accuracy": [
                0.1702127659574468,
                [
                    0.10638297872340426,
                    0.2553191489361702
                ]
            ],
            "precision": [
                0.6073518594857618,
                [
                    0.51630641169763,
                    0.6793648692031556
                ]
            ],
            "recall": [
                0.50920245398773,
                [
                    0.4336014314060271,
                    0.5838509316770186
                ]
            ]
        },
        "nr_faulty_parsable": 0,
        "nr_non_parsable": 2
    },
    "Med-LLaMA3-8B": {
        "metrics": {
            "f1-weighted": [
                0.08445684535136347,
                [
                    0.04421121314091556,
                    0.1459565532895927
                ]
            ],
            "accuracy": [
                0.0,
                [
                    NaN,
                    NaN
                ]
            ],
            "precision": [
                0.47948437043529063,
                [
                    0.09800950276963745,
                    0.6538712030470273
                ]
            ],
            "recall": [
                0.07975460122699386,
                [
                    0.04242424242424243,
                    0.13291139240506328
                ]
            ]
        },
        "nr_faulty_parsable": 93,
        "nr_non_parsable": 1
    },
    "Meta-Llama-3-8B-Instruct": {
        "metrics": {
            "f1-weighted": [
                0.7676211871583328,
                [
                    0.7183853324444025,
                    0.807851913435306
                ]
            ],
            "accuracy": [
                0.2553191489361702,
                [
                    0.1702127659574468,
                    0.35106382978723405
                ]
            ],
            "precision": [
                0.7495536492469008,
                [
                    0.6868858359033579,
                    0.7943258419265283
                ]
            ],
            "recall": [
                0.8404907975460123,
                [
                    0.7739947130907691,
                    0.8933333333333333
                ]
            ]
        },
        "nr_faulty_parsable": 0,
        "nr_non_parsable": 0
    },
    "MeLLaMA-70B-chat": {
        "metrics": {
            "f1-weighted": [
                0.37953728903034684,
                [
                    0.28207946323148086,
                    0.5101483844492972
                ]
            ],
            "accuracy": [
                0.07446808510638298,
                [
                    0.031914893617021274,
                    0.13829787234042554
                ]
            ],
            "precision": [
                0.7119081327670285,
                [
                    0.5153694301353218,
                    0.8294285056488688
                ]
            ],
            "recall": [
                0.27607361963190186,
                [
                    0.19020971681707638,
                    0.3875
                ]
            ]
        },
        "nr_faulty_parsable": 0,
        "nr_non_parsable": 61
    },
    "Llama-2-70b-chat-hf": {
        "metrics": {
            "f1-weighted": [
                0.6809577841761661,
                [
                    0.6229318714291049,
                    0.726821365340823
                ]
            ],
            "accuracy": [
                0.1595744680851064,
                [
                    0.09574468085106383,
                    0.24468085106382978
                ]
            ],
            "precision": [
                0.6831081597339267,
                [
                    0.6170748847662108,
                    0.7281848198008952
                ]
            ],
            "recall": [
                0.754601226993865,
                [
                    0.6836158192090396,
                    0.814217875709509
                ]
            ]
        },
        "nr_faulty_parsable": 0,
        "nr_non_parsable": 0
    },
    "gpt-4o-2024-08-06": {
        "metrics": {
            "f1-weighted": [
                0.855756263464672,
                [
                    0.8189690390593743,
                    0.8856149587297197
                ]
            ],
            "accuracy": [
                0.5212765957446809,
                [
                    0.425531914893617,
                    0.6170212765957447
                ]
            ],
            "precision": [
                0.8194903256252949,
                [
                    0.7595779424226807,
                    0.8582860199758847
                ]
            ],
            "recall": [
                0.9079754601226994,
                [
                    0.8598726114649682,
                    0.9454545454545454
                ]
            ]
        },
        "nr_faulty_parsable": 0,
        "nr_non_parsable": 0
    },
    "MeLLaMA-13B-chat": {
        "metrics": {
            "f1-weighted": [
                0.295207384726625,
                [
                    0.22318967110008744,
                    0.3768762253254997
                ]
            ],
            "accuracy": [
                0.0425531914893617,
                [
                    0.010638297872340425,
                    0.09574468085106383
                ]
            ],
            "precision": [
                0.5651260563091747,
                [
                    0.4455842581490718,
                    0.7603790316844783
                ]
            ],
            "recall": [
                0.26993865030674846,
                [
                    0.19454098146116705,
                    0.35670989909066725
                ]
            ]
        },