{
    "gpt-4o-2024-08-06": {
        "metrics": {
            "f1-weighted": [
                0.8209436658676644,
                [
                    0.7489260494810213,
                    0.8749653931921215
                ]
            ],
            "accuracy": [
                0.625,
                [
                    0.5208333333333334,
                    0.71875
                ]
            ],
            "precision": [
                0.872328931572629,
                [
                    0.8002096310981687,
                    0.9221481984457446
                ]
            ],
            "recall": [
                0.8176470588235294,
                [
                    0.7461038189048955,
                    0.8735632183908046
                ]
            ]
        },
        "nr_faulty_parsable": 0,
        "nr_non_parsable": 0
    },
    "Llama-2-13b-chat-hf": {
        "metrics": {
            "f1-weighted": [
                0.7315780101716083,
                [
                    0.6638640551630398,
                    0.7850219617564064
                ]
            ],
            "accuracy": [
                0.2916666666666667,
                [
                    0.20833333333333334,
                    0.3854166666666667
                ]
            ],
            "precision": [
                0.7160505555225948,
                [
                    0.6441322903966598,
                    0.7734621055437245
                ]
            ],
            "recall": [
                0.8235294117647058,
                [
                    0.7583115464306699,
                    0.8757763975155279
                ]
            ]
        },
        "nr_faulty_parsable": 0,
        "nr_non_parsable": 1
    },
    "MeLLaMA-13B-chat": {
        "metrics": {
            "f1-weighted": [
                0.341088307866327,
                [
                    0.2600852266433374,
                    0.4352830265069725
                ]
            ],
            "accuracy": [
                0.19791666666666666,
                [
                    0.125,
                    0.2916666666666667
                ]
            ],
            "precision": [
                0.719528902470079,
                [
                    0.5326070938451408,
                    0.8432279726014928
                ]
            ],
            "recall": [
                0.23529411764705882,
                [
                    0.17032967032967034,
                    0.3132318316651824
                ]
            ]
        },
        "nr_faulty_parsable": 18,
        "nr_non_parsable": 54
    },
    "Meta-Llama-3-8B-Instruct": {
        "metrics": {
            "f1-weighted": [
                0.6694238145427289,
                [
                    0.5900776359176554,
                    0.733918055213699
                ]
            ],
            "accuracy": [
                0.2708333333333333,
                [
                    0.1875,
                    0.3645833333333333
                ]
            ],
            "precision": [
                0.7261417258051698,
                [
                    0.6518419009296926,
                    0.7907130249304442
                ]
            ],
            "recall": [
                0.6882352941176471,
                [
                    0.5919114102694879,
                    0.7696969696969697
                ]
            ]
        },
        "nr_faulty_parsable": 0,
        "nr_non_parsable": 22
    },
    "gpt-4o-mini": {
        "metrics": {
            "f1-weighted": [
                0.6957632183850672,
                [
                    0.6156793593199458,
                    0.7592964931976548
                ]
            ],
            "accuracy": [
                0.34375,
                [
                    0.25,
                    0.4375
                ]
            ],
            "precision": [
                0.7349186074919768,
                [
                    0.6493714685768835,
                    0.7890690476338941
                ]
            ],
            "recall": [
                0.7411764705882353,
                [
                    0.6582278481012658,
                    0.8128654970760234
                ]
            ]
        },
        "nr_faulty_parsable": 27,
        "nr_non_parsable": 16
    },
    "MeLLaMA-70B-chat": {
        "metrics": {
            "f1-weighted": [
                0.04556346252892574,
                [
                    0.0,
                    0.17734756007299207
                ]
            ],
            "accuracy": [
                0.020833333333333332,
                [
                    0.0,
                    0.07291666666666667
                ]
            ],
            "precision": [
                0.7529411764705882,
                [
                    0.2832369942196532,
                    0.8569528872270713
                ]
            ],
            "recall": [
                0.023529411764705882,
                [
                    0.0,
                    0.09870229281765996
                ]
            ]
        },
        "nr_faulty_parsable": 0,
        "nr_non_parsable": 94
    },
    "Med-LLaMA3-8B": {
        "metrics": {
            "f1-weighted": [
                0.3486505713550569,
                [
                    0.26036051154396284,
                    0.43379463593954976
                ]
            ],
            "accuracy": [
                0.07291666666666667,
                [
                    0.03125,
                    0.13541666666666666
                ]
            ],
            "precision": [
                0.4391795639328072,
                [
                    0.3199621531785286,
                    0.5319603723292372
                ]
            ],
            "recall": [
                0.4588235294117647,
                [
                    0.367816091954023,
                    0.5439560439560439
                ]
            ]
        },
        "nr_faulty_parsable": 93,
        "nr_non_parsable": 3
    },
    "Llama-3.1-8B-Instruct": {
        "metrics": {
            "f1-weighted": [
                0.6967179925314715,
                [
                    0.6268380073723777,
                    0.7473051950055957
                ]
            ],
            "accuracy": [
                0.28125,
                [
                    0.19791666666666666,
                    0.375
                ]
            ],
            "precision": [
                0.640322275104726,
                [
                    0.5667029325537745,
                    0.6840154100595763
                ]
            ],
            "recall": [
                0.8764705882352941,
                [
                    0.8136645962732919,
                    0.9202453987730062
                ]
            ]
        },
        "nr_faulty_parsable": 0,
        "nr_non_parsable": 0
    },
    "Llama-2-70b-chat-hf": {
        "metrics": {
            "f1-weighted": [
                0.6470611616698356,
                [
                    0.5485002018599695,
                    0.7206188166400823
                ]
            ],
            "accuracy": [
                0.4166666666666667,
                [
                    0.3229166666666667,
                    0.5104166666666666
                ]
            ],
            "precision": [
                0.7521091097561685,
                [
                    0.6822383394085207,
                    0.7947214589585478
                ]
            ],
            "recall": [
                0.711764705882353,
                [
                    0.6271296600003842,
                    0.7821229050279329
                ]
            ]
        },
        "nr_faulty_parsable": 0,
        "nr_non_parsable": 0
    },