{
    "MeLLaMA-70B-chat": {
        "metrics": {
            "f1-weighted": [
                0.693594210107496,
                [
                    0.5964805278022,
                    0.7759805785806735
                ]
            ],
            "accuracy": [
                0.6666666666666666,
                [
                    0.5625,
                    0.75
                ]
            ],
            "precision": [
                0.7426021737512096,
                [
                    0.6402957715422648,
                    0.80843441480581
                ]
            ],
            "recall": [
                0.6831683168316832,
                [
                    0.59,
                    0.7647058823529411
                ]
            ]
        }
    },
    "gpt-4o-mini": {
        "metrics": {
            "f1-weighted": [
                0.6592763671971593,
                [
                    0.5636314122211231,
                    0.7467735982609788
                ]
            ],
            "accuracy": [
                0.625,
                [
                    0.5208333333333334,
                    0.71875
                ]
            ],
            "precision": [
                0.6811538296686812,
                [
                    0.574230607426002,
                    0.7566994114760033
                ]
            ],
            "recall": [
                0.6633663366336634,
                [
                    0.5686274509803921,
                    0.7475728155339806
                ]
            ]
        }
    },
    "MeLLaMA-13B-chat": {
        "metrics": {
            "f1-weighted": [
                0.318173107633344,
                [
                    0.22179502669650383,
                    0.43329858402922916
                ]
            ],
            "accuracy": [
                0.3854166666666667,
                [
                    0.2916666666666667,
                    0.4791666666666667
                ]
            ],
            "precision": [
                0.7839254513686662,
                [
                    0.5467665381036643,
                    0.8475580110043668
                ]
            ],
            "recall": [
                0.39603960396039606,
                [
                    0.30612244897959184,
                    0.49019607843137253
                ]
            ]
        }
    },
    "gpt-4o-2024-08-06": {
        "metrics": {
            "f1-weighted": [
                0.733620730494102,
                [
                    0.6432334438859817,
                    0.8127293947228643
                ]
            ],
            "accuracy": [
                0.7083333333333334,
                [
                    0.6145833333333334,
                    0.7916666666666666
                ]
            ],
            "precision": [
                0.7782792421484412,
                [
                    0.68986505971988,
                    0.835857530478075
                ]
            ],
            "recall": [
                0.7227722772277227,
                [
                    0.6336633663366337,
                    0.801980198019802
                ]
            ]
        }
    },
    "Llama-3.1-8B-Instruct": {
        "metrics": {
            "f1-weighted": [
                0.6939972511840043,
                [
                    0.5973780274913714,
                    0.7801941424267699
                ]
            ],
            "accuracy": [
                0.6666666666666666,
                [
                    0.5625,
                    0.75
                ]
            ],
            "precision": [
                0.7241181759371951,
                [
                    0.616330613495307,
                    0.801954738559757
                ]
            ],
            "recall": [
                0.6831683168316832,
                [
                    0.5882068949045745,
                    0.7669902912621359
                ]
            ]
        }
    },
    "Llama-2-13b-chat-hf": {
        "metrics": {
            "f1-weighted": [
                0.30935162017883194,
                [
                    0.21417048033717048,
                    0.4176869899823525
                ]
            ],
            "accuracy": [
                0.375,
                [
                    0.28125,
                    0.4791666666666667
                ]
            ],
            "precision": [
                0.7009837420339144,
                [
                    0.3739729796635577,
                    0.8457173594234682
                ]
            ],
            "recall": [
                0.4158415841584158,
                [
                    0.32673267326732675,
                    0.5097830242430417
                ]
            ]
        }
    },
    "tuned": {
        "metrics": {
            "f1-weighted": [
                0.8122278376260296,
                [
                    0.7252772885303201,
                    0.8793504043512528
                ]
            ],
            "accuracy": [
                0.7916666666666666,
                [
                    0.6979166666666666,
                    0.8645833333333334
                ]
            ],
            "precision": [
                0.8353191363092354,
                [
                    0.7457372616736626,
                    0.8926834895051861
                ]
            ],
            "recall": [
                0.801980198019802,
                [
                    0.7171717171717171,
                    0.87
                ]
            ]
        }
    },
    "Med-LLaMA3-8B": {
        "metrics": {
            "f1-weighted": [
                0.27874307364291245,
                [
                    0.19751559975487895,
                    0.37530986655101467
                ]
            ],
            "accuracy": [
                0.041666666666666664,
                [
                    0.010416666666666666,
                    0.10416666666666667
                ]
            ],
            "precision": [
                0.3476127612761276,
                [
                    0.22447272953251132,
                    0.48511361748361875
                ]
            ],
            "recall": [
                0.27722772277227725,
                [
                    0.2,
                    0.36893203883495146
                ]
            ]
        }
    },
    "Llama-2-70b-chat-hf": {
        "metrics": {
            "f1-weighted": [
                0.5272036912429107,
                [
                    0.41934485108914904,
                    0.627768652516501
                ]
            ],
            "accuracy": [
                0.5208333333333334,
                [
                    0.4166666666666667,
                    0.6145833333333334
                ]
            ],
            "precision": [
                0.6878276062900408,
                [
                    0.5495834392249633,
                    0.7608374334053877
                ]
            ],
            "recall": [
                0.5445544554455446,
                [
                    0.45,
                    0.6326530612244898
                ]
            ]
        }
    },
    "Meta-Llama-3-8B-Instruct": {
        "metrics": {
            "f1-weighted": [
                0.6451494835018092,
                [
                    0.5422876464429178,
                    0.7304813125949373
                ]
            ],
            "accuracy": [
                0.59375,
                [
                    0.4895833333333333,
                    0.6875
                ]
            ],
            "precision": [
                0.7071438820900723,
                [
                    0.5922722562778402,
                    0.7801665816921317
                ]
            ],