{
    "Llama-3.1-8B-Instruct": {
        "selected_5shot": {
            "f1 overall - strict": 0.3209876543209877,
            "f1 overall - partial": 0.3382716049382716,
            "f1 APP - strict": 0.279874213836478,
            "f1 APP - partial": 0.2893081761006289,
            "f1 DOS - strict": 0.47126436781609193,
            "f1 DOS - partial": 0.5172413793103449
        },
        "selected_1shot": {
            "f1 overall - strict": 0.2121212121212121,
            "f1 overall - partial": 0.24688057040998215,
            "f1 APP - strict": 0.17458563535911603,
            "f1 APP - partial": 0.2033149171270718,
            "f1 DOS - strict": 0.3686635944700461,
            "f1 DOS - partial": 0.4285714285714286
        },
        "selected_3shot": {
            "f1 overall - strict": 0.2920443101711984,
            "f1 overall - partial": 0.30614300100704933,
            "f1 APP - strict": 0.24817518248175185,
            "f1 APP - partial": 0.25790754257907544,
            "f1 DOS - strict": 0.5029239766081871,
            "f1 DOS - partial": 0.5380116959064327
        },
        "zero_shot": {
            "f1 overall - strict": 0.16916299559471365,
            "f1 overall - partial": 0.19735682819383257,
            "f1 APP - strict": 0.14466130884041334,
            "f1 APP - partial": 0.16762342135476463,
            "f1 DOS - strict": 0.25,
            "f1 DOS - partial": 0.29545454545454547
        }
    },
    "gpt-4o-mini": {
        "selected_5shot": {
            "f1 overall - strict": 0.2719836400817996,
            "f1 overall - partial": 0.30777096114519426,
            "f1 APP - strict": 0.2544987146529563,
            "f1 APP - partial": 0.27249357326478146,
            "f1 DOS - strict": 0.34,
            "f1 DOS - partial": 0.445
        },
        "selected_3shot": {
            "f1 overall - strict": 0.30163934426229505,
            "f1 overall - partial": 0.3540983606557377,
            "f1 APP - strict": 0.3105950653120465,
            "f1 APP - partial": 0.3265602322206096,
            "f1 DOS - strict": 0.2743362831858407,
            "f1 DOS - partial": 0.4380530973451327
        },
        "selected_1shot": {
            "f1 overall - strict": 0.2421259842519685,
            "f1 overall - partial": 0.2834645669291339,
            "f1 APP - strict": 0.2332065906210393,
            "f1 APP - partial": 0.25602027883396705,
            "f1 DOS - strict": 0.27312775330396477,
            "f1 DOS - partial": 0.3788546255506608
        },
        "zero_shot": {
            "f1 overall - strict": 0.1486810551558753,
            "f1 overall - partial": 0.19824140687450043,
            "f1 APP - strict": 0.15164835164835166,
            "f1 APP - partial": 0.1846153846153846,
            "f1 DOS - strict": 0.1407624633431085,
            "f1 DOS - partial": 0.23460410557184747
        }
    },
    "Med-LLaMA3-8B": {
        "selected_5shot": {
            "f1 overall - strict": 0.20087336244541487,
            "f1 overall - partial": 0.2358078602620087,
            "f1 APP - strict": 0,
            "f1 APP - partial": 0,
            "f1 DOS - strict": 0.48936170212765956,
            "f1 DOS - partial": 0.574468085106383
        },
        "selected_3shot": {
            "f1 overall - strict": 0.010101010101010102,
            "f1 overall - partial": 0.010101010101010102,
            "f1 APP - strict": 0,
            "f1 APP - partial": 0,
            "f1 DOS - strict": 0.03278688524590164,
            "f1 DOS - partial": 0.03278688524590164
        },
        "selected_1shot": {
            "f1 overall - strict": 0.07258064516129033,
            "f1 overall - partial": 0.08467741935483872,
            "f1 APP - strict": 0.0670391061452514,
            "f1 APP - partial": 0.08379888268156424,
            "f1 DOS - strict": 0.08695652173913045,
            "f1 DOS - partial": 0.08695652173913045
        },
        "zero_shot": {
            "f1 overall - strict": 0.1276595744680851,
            "f1 overall - partial": 0.18085106382978725,
            "f1 APP - strict": 0.09890109890109891,
            "f1 APP - partial": 0.14835164835164835,
            "f1 DOS - strict": 0.18,
            "f1 DOS - partial": 0.24000000000000002
        }
    },
    "Llama-2-70b-chat-hf": {
        "selected_1shot": {
            "f1 overall - strict": 0.19532908704883226,
            "f1 overall - partial": 0.2208067940552017,
            "f1 APP - strict": 0.13753581661891118,
            "f1 APP - partial": 0.16332378223495703,
            "f1 DOS - strict": 0.3606557377049181,
            "f1 DOS - partial": 0.38524590163934425
        },
        "zero_shot": {
            "f1 overall - strict": 0.12389380530973451,
            "f1 overall - partial": 0.17846607669616518,
            "f1 APP - strict": 0.12422360248447205,
            "f1 APP - partial": 0.1956521739130435,
            "f1 DOS - strict": 0.12359550561797754,
            "f1 DOS - partial": 0.16292134831460675
        }
    },
    "Llama-2-13b-chat-hf": {
        "selected_5shot": {
            "f1 overall - strict": 0.059113300492610835,
            "f1 overall - partial": 0.059113300492610835,
            "f1 APP - strict": 0.08391608391608392,
            "f1 APP - partial": 0.08391608391608392,
            "f1 DOS - strict": 0,
            "f1 DOS - partial": 0
        },
        "selected_3shot": {
            "f1 overall - strict": 0.059113300492610835,
            "f1 overall - partial": 0.059113300492610835,
            "f1 APP - strict": 0.08391608391608392,
            "f1 APP - partial": 0.08391608391608392,
            "f1 DOS - strict": 0,
            "f1 DOS - partial": 0
        },
        "selected_1shot": {
            "f1 overall - strict": 0.13883677298311445,
            "f1 overall - partial": 0.16322701688555347,
            "f1 APP - strict": 0.16666666666666666,
            "f1 APP - partial": 0.19791666666666669,
            "f1 DOS - strict": 0.06711409395973153,
            "f1 DOS - partial": 0.0738255033557047
        },
        "zero_shot": {
            "f1 overall - strict": 0.08652246256239603,
            "f1 overall - partial": 0.13477537437603992,
            "f1 APP - strict": 0.10951008645533142,
            "f1 APP - partial": 0.15561959654178675,
            "f1 DOS - strict": 0.055118110236220465,
            "f1 DOS - partial": 0.10629921259842519
        }
    },
    "MeLLaMA-13B-chat": {
        "selected_5shot": {
            "f1 overall - strict": 0,
            "f1 overall - partial": 0,
            "f1 APP - strict": 0,
            "f1 APP - partial": 0,
            "f1 DOS - strict": 0,
            "f1 DOS - partial": 0
        },
        "selected_1shot": {
            "f1 overall - strict": 0.030075187969924807,
            "f1 overall - partial": 0.05639097744360902,
            "f1 APP - strict": 0,
            "f1 APP - partial": 0.015625,
            "f1 DOS - strict": 0.10810810810810811,
            "f1 DOS - partial": 0.16216216216216217
        },
        "selected_3shot": {
            "f1 overall - strict": 0,
            "f1 overall - partial": 0,
            "f1 APP - strict": 0,
            "f1 APP - partial": 0,
            "f1 DOS - strict": 0,
            "f1 DOS - partial": 0
        },
        "zero_shot": {
            "f1 overall - strict": 0.2601626016260163,
            "f1 overall - partial": 0.3008130081300813,
            "f1 APP - strict": 0.24137931034482757,
            "f1 APP - partial": 0.28448275862068967,
            "f1 DOS - strict": 0.291970802919708,
            "f1 DOS - partial": 0.3284671532846715
        }
    },
    "Meta-Llama-3-8B-Instruct": {
        "selected_1shot": {
            "f1 overall - strict": 0.2559241706161138,
            "f1 overall - partial": 0.2950236966824644,
            "f1 APP - strict": 0.2897959183673469,
            "f1 APP - partial": 0.33265306122448984,
            "f1 DOS - strict": 0.20903954802259886,