{
    "Med-LLaMA3-8B": {
        "metrics": {
            "f1-weighted": [
                0.47886088379705405,
                [
                    0.3767240234891614,
                    0.5786439236638575
                ]
            ],
            "accuracy": [
                0.05102040816326531,
                [
                    0.02040816326530612,
                    0.11224489795918367
                ]
            ],
            "precision": [
                0.7049696969696971,
                [
                    0.5443791378505054,
                    0.8303322244200512
                ]
            ],
            "recall": [
                0.39,
                [
                    0.3,
                    0.4854368932038835
                ]
            ]
        }
    },
    "Llama-3.1-8B-Instruct": {
        "metrics": {
            "f1-weighted": [
                0.8558233378169571,
                [
                    0.7749232861615498,
                    0.9202850154943374
                ]
            ],
            "accuracy": [
                0.336734693877551,
                [
                    0.24489795918367346,
                    0.4387755102040816
                ]
            ],
            "precision": [
                0.8171299342105263,
                [
                    0.7069144992903234,
                    0.9042986353927962
                ]
            ],
            "recall": [
                0.95,
                [
                    0.8942307692307693,
                    0.98
                ]
            ]
        }
    },
    "MeLLaMA-70B-chat": {
        "metrics": {
            "f1-weighted": [
                0.8356043956043956,
                [
                    0.7366064632664153,
                    0.9097435228477659
                ]
            ],
            "accuracy": [
                0.8163265306122449,
                [
                    0.7244897959183674,
                    0.8877551020408163
                ]
            ],
            "precision": [
                0.7970833333333335,
                [
                    0.6734020618556701,
                    0.8873839009287925
                ]
            ],
            "recall": [
                0.88,
                [
                    0.8080808080808081,
                    0.9387755102040817
                ]
            ]
        }
    },
    "gpt-4o-mini": {
        "metrics": {
            "f1-weighted": [
                0.8447472527472527,
                [
                    0.743024328375418,
                    0.9170482176687303
                ]
            ],
            "accuracy": [
                0.8775510204081632,
                [
                    0.8061224489795918,
                    0.9285714285714286
                ]
            ],
            "precision": [
                0.7970833333333335,
                [
                    0.6734020618556701,
                    0.8865687746977938
                ]
            ],
            "recall": [
                0.9,
                [
                    0.8282828282828283,
                    0.95
                ]
            ]
        }
    },
    "Llama-2-70b-chat-hf": {
        "metrics": {
            "f1-weighted": [
                0.8356043956043956,
                [
                    0.7366064632664153,
                    0.9097435228477659
                ]
            ],
            "accuracy": [
                0.8673469387755102,
                [
                    0.7857142857142857,
                    0.9285714285714286
                ]
            ],
            "precision": [
                0.7970833333333335,
                [
                    0.6734020618556701,
                    0.8873839009287925
                ]
            ],
            "recall": [
                0.88,
                [
                    0.8080808080808081,
                    0.9387755102040817
                ]
            ]
        }
    },
    "Meta-Llama-3-8B-Instruct": {
        "metrics": {
            "f1-weighted": [
                0.8381079371771899,
                [
                    0.7485877809532144,
                    0.9044161717001907
                ]
            ],
            "accuracy": [
                0.46938775510204084,
                [
                    0.3673469387755102,
                    0.5714285714285714
                ]
            ],
            "precision": [
                0.8036138382421691,
                [
                    0.6874519274565976,
                    0.8903434234028648
                ]
            ],
            "recall": [
                0.9,
                [
                    0.83,
                    0.9494949494949495
                ]
            ]
        }
    },
    "Llama-2-13b-chat-hf": {
        "metrics": {
            "f1-weighted": [
                0.8356043956043956,
                [
                    0.7366064632664153,
                    0.9097435228477659
                ]
            ],
            "accuracy": [
                0.8673469387755102,
                [
                    0.7857142857142857,
                    0.9285714285714286
                ]
            ],
            "precision": [
                0.7970833333333335,
                [
                    0.6734020618556701,
                    0.8873839009287925
                ]
            ],
            "recall": [
                0.88,
                [
                    0.8080808080808081,
                    0.9387755102040817
                ]
            ]
        }
    },
    "tuned": {
        "metrics": {
            "f1-weighted": [
                0.9180112359550563,
                [
                    0.8347216512098111,
                    0.967075380547217
                ]
            ],
            "accuracy": [
                0.9183673469387755,
                [
                    0.8469387755102041,
                    0.9591836734693877
                ]
            ],
            "precision": [
                0.933913043478261,
                [
                    0.8712841784001352,
                    0.9806332281579806
                ]
            ],
            "recall": [
                0.93,
                [
                    0.8649364962582294,
                    0.97
                ]
            ]
        }
    },
    "gpt-4o-2024-08-06": {
        "metrics": {
            "f1-weighted": [
                0.8394139194139194,
                [
                    0.7381638418079096,
                    0.9119115782888029
                ]
            ],
            "accuracy": [
                0.8673469387755102,
                [
                    0.7857142857142857,
                    0.9285714285714286
                ]
            ],
            "precision": [
                0.7944166666666668,
                [
                    0.670917479447991,
                    0.8843046981127692
                ]
            ],
            "recall": [
                0.89,
                [
                    0.82,
                    0.9401334274468737
                ]
            ]
        }
    },
    "MeLLaMA-13B-chat": {
        "metrics": {
            "f1-weighted": [
                0.7879329608938548,
                [
                    0.6841538507890468,
                    0.8697729988052569
                ]
            ],
            "accuracy": [
                0.8061224489795918,
                [
                    0.7142857142857143,
                    0.8775510204081632
                ]
            ],
            "precision": [
                0.7582795698924731,
                [
                    0.6333044331869451,
                    0.8598892147279243
                ]
            ],