{
    "Med-LLaMA3-8B": {
        "metrics": {
            "f1-weighted": [
                0.47886088379705405,
                [
                    0.3767240234891614,
                    0.5786439236638575
                ]
            ],
            "accuracy": [
                0.05102040816326531,
                [
                    0.02040816326530612,
                    0.11224489795918367
                ]
            ],
            "precision": [
                0.7049696969696971,
                [
                    0.5443791378505054,
                    0.8303322244200512
                ]
            ],
            "recall": [
                0.39,
                [
                    0.3,
                    0.4854368932038835
                ]
            ]
        },
        "nr_faulty_parsable": 98,
        "nr_non_parsable": 0
    },
    "Llama-3.1-8B-Instruct": {
        "metrics": {
            "f1-weighted": [
                0.8558233378169571,
                [
                    0.7749232861615498,
                    0.9202850154943374
                ]
            ],
            "accuracy": [
                0.336734693877551,
                [
                    0.24489795918367346,
                    0.4387755102040816
                ]
            ],
            "precision": [
                0.8171299342105263,
                [
                    0.7069144992903234,
                    0.9042986353927962
                ]
            ],
            "recall": [
                0.95,
                [
                    0.8942307692307693,
                    0.98
                ]
            ]
        },
        "nr_faulty_parsable": 0,
        "nr_non_parsable": 0
    },
    "MeLLaMA-70B-chat": {
        "metrics": {
            "f1-weighted": [
                0.14484210526315788,
                [
                    0.07353221171752146,
                    0.25045848882825605
                ]
            ],
            "accuracy": [
                0.07142857142857142,
                [
                    0.030612244897959183,
                    0.14285714285714285
                ]
            ],
            "precision": [
                0.7644444444444445,
                [
                    0.3455235691797935,
                    0.8979591836734694
                ]
            ],
            "recall": [
                0.08,
                [
                    0.0392156862745098,
                    0.14851485148514854
                ]
            ]
        },
        "nr_faulty_parsable": 0,
        "nr_non_parsable": 89
    },
    "gpt-4o-mini": {
        "metrics": {
            "f1-weighted": [
                0.8447472527472527,
                [
                    0.743024328375418,
                    0.9170482176687303
                ]
            ],
            "accuracy": [
                0.8775510204081632,
                [
                    0.8061224489795918,
                    0.9285714285714286
                ]
            ],
            "precision": [
                0.7970833333333335,
                [
                    0.6734020618556701,
                    0.8865687746977938
                ]
            ],
            "recall": [
                0.9,
                [
                    0.8282828282828283,
                    0.95
                ]
            ]
        },
        "nr_faulty_parsable": 0,
        "nr_non_parsable": 0
    },
    "Llama-2-13b-chat-hf": {
        "metrics": {
            "f1-weighted": [
                0.8356043956043956,
                [
                    0.7366064632664153,
                    0.9097435228477659
                ]
            ],
            "accuracy": [
                0.8673469387755102,
                [
                    0.7857142857142857,
                    0.9285714285714286
                ]
            ],
            "precision": [
                0.7970833333333335,
                [
                    0.6734020618556701,
                    0.8873839009287925
                ]
            ],
            "recall": [
                0.88,
                [
                    0.8080808080808081,
                    0.9387755102040817
                ]
            ]
        },
        "nr_faulty_parsable": 0,
        "nr_non_parsable": 0
    },
    "Meta-Llama-3-8B-Instruct": {
        "metrics": {
            "f1-weighted": [
                0.7798701298701297,
                [
                    0.6922911256258256,
                    0.8496866914456538
                ]
            ],
            "accuracy": [
                0.4489795918367347,
                [
                    0.35714285714285715,
                    0.5510204081632653
                ]
            ],
            "precision": [
                0.7926895187870798,
                [
                    0.6713413800144981,
                    0.8834427572870653
                ]
            ],
            "recall": [
                0.79,
                [
                    0.7040816326530612,
                    0.86
                ]
            ]
        },
        "nr_faulty_parsable": 0,
        "nr_non_parsable": 11
    },
    "gpt-4o-2024-08-06": {
        "metrics": {
            "f1-weighted": [
                0.8394139194139194,
                [
                    0.7381638418079096,
                    0.9119115782888029
                ]
            ],
            "accuracy": [
                0.8673469387755102,
                [
                    0.7857142857142857,
                    0.9285714285714286
                ]
            ],
            "precision": [
                0.7944166666666668,
                [
                    0.670917479447991,
                    0.8843046981127692
                ]
            ],
            "recall": [
                0.89,
                [
                    0.82,
                    0.9401334274468737
                ]
            ]
        },
        "nr_faulty_parsable": 0,
        "nr_non_parsable": 0
    },
    "Llama-2-70b-chat-hf": {
        "metrics": {
            "f1-weighted": [
                0.8356043956043956,
                [
                    0.7366064632664153,
                    0.9097435228477659
                ]
            ],
            "accuracy": [
                0.8673469387755102,
                [
                    0.7857142857142857,
                    0.9285714285714286
                ]
            ],
            "precision": [
                0.7970833333333335,
                [
                    0.6734020618556701,
                    0.8873839009287925
                ]
            ],
            "recall": [
                0.88,
                [
                    0.8080808080808081,
                    0.9387755102040817
                ]
            ]
        },
        "nr_faulty_parsable": 0,
        "nr_non_parsable": 0
    },
    "MeLLaMA-13B-chat": {
        "metrics": {
            "f1-weighted": [
                0.8255238095238095,
                [
                    0.7252706487097497,
                    0.8999778364553582
                ]
            ],
            "accuracy": [
                0.8469387755102041,
                [
                    0.7653061224489796,
                    0.9081632653061225
                ]
            ],
            "precision": [
                0.7951773049645391,
                [
                    0.6717829797656201,
                    0.8871167818536239
                ]
            ],
            "recall": [
                0.86,
                [
                    0.7843137254901961,
                    0.9191919191919192
                ]
            ]
        },
        "nr_faulty_parsable": 20,
        "nr_non_parsable": 2
    },