{
    "MeLLaMA-70B-chat": {
        "metrics": {
            "f1-weighted": [
                0.7267748051400884,
                [
                    0.6150761856842363,
                    0.8145063894296449
                ]
            ],
            "accuracy": [
                0.7142857142857143,
                [
                    0.6122448979591837,
                    0.7959183673469388
                ]
            ],
            "precision": [
                0.7897943640517897,
                [
                    0.7010680090191312,
                    0.8461686767952886
                ]
            ],
            "recall": [
                0.7722772277227723,
                [
                    0.68,
                    0.8461538461538461
                ]
            ]
        }
    },
    "Med-LLaMA3-8B": {
        "metrics": {
            "f1-weighted": [
                0.47291788002329643,
                [
                    0.3602939132926108,
                    0.5875787578757876
                ]
            ],
            "accuracy": [
                0.42857142857142855,
                [
                    0.336734693877551,
                    0.5306122448979592
                ]
            ],
            "precision": [
                0.401980198019802,
                [
                    0.287806997794414,
                    0.527471484098311
                ]
            ],
            "recall": [
                0.5742574257425742,
                [
                    0.4752475247524752,
                    0.6666666666666666
                ]
            ]
        }
    },
    "gpt-4o-mini": {
        "metrics": {
            "f1-weighted": [
                0.6691835360965973,
                [
                    0.556412221605643,
                    0.7624263741485168
                ]
            ],
            "accuracy": [
                0.6530612244897959,
                [
                    0.5510204081632653,
                    0.7448979591836735
                ]
            ],
            "precision": [
                0.6578571712592947,
                [
                    0.5160541859689932,
                    0.7752131558552059
                ]
            ],
            "recall": [
                0.7524752475247525,
                [
                    0.6601255841026836,
                    0.8316831683168316
                ]
            ]
        }
    },
    "Llama-2-13b-chat-hf": {
        "metrics": {
            "f1-weighted": [
                0.5042777796943457,
                [
                    0.3980670548078076,
                    0.6065142559302522
                ]
            ],
            "accuracy": [
                0.47959183673469385,
                [
                    0.37755102040816324,
                    0.5816326530612245
                ]
            ],
            "precision": [
                0.5298679867986799,
                [
                    0.40258640479485575,
                    0.6670032512345098
                ]
            ],
            "recall": [
                0.49504950495049505,
                [
                    0.39805825242718446,
                    0.59
                ]
            ]
        }
    },
    "tuned": {
        "metrics": {
            "f1-weighted": [
                0.8850080254874227,
                [
                    0.8041899261285076,
                    0.938489861444462
                ]
            ],
            "accuracy": [
                0.8775510204081632,
                [
                    0.8061224489795918,
                    0.9285714285714286
                ]
            ],
            "precision": [
                0.8805365151899806,
                [
                    0.7794586126589315,
                    0.9351063871695274
                ]
            ],
            "recall": [
                0.8910891089108911,
                [
                    0.82,
                    0.9411764705882353
                ]
            ]
        }
    },
    "Meta-Llama-3-8B-Instruct": {
        "metrics": {
            "f1-weighted": [
                0.6118314290375689,
                [
                    0.49869805962056085,
                    0.7142269891310407
                ]
            ],
            "accuracy": [
                0.6326530612244898,
                [
                    0.5306122448979592,
                    0.7244897959183674
                ]
            ],
            "precision": [
                0.7430812358344268,
                [
                    0.5352110471290691,
                    0.8791256515225891
                ]
            ],
            "recall": [
                0.693069306930693,
                [
                    0.5980392156862745,
                    0.7788461538461539
                ]
            ]
        }
    },
    "Llama-3.1-8B-Instruct": {
        "metrics": {
            "f1-weighted": [
                0.5921547689300624,
                [
                    0.4737140281757872,
                    0.6942945849603916
                ]
            ],
            "accuracy": [
                0.6122448979591837,
                [
                    0.5102040816326531,
                    0.7040816326530612
                ]
            ],
            "precision": [
                0.5016876687668766,
                [
                    0.37679227562014644,
                    0.6135320245754733
                ]
            ],
            "recall": [
                0.7326732673267327,
                [
                    0.6372549019607843,
                    0.8137254901960784
                ]
            ]
        }
    },
    "gpt-4o-2024-08-06": {
        "metrics": {
            "f1-weighted": [
                0.8553613897975163,
                [
                    0.7728036752826597,
                    0.9170213873261454
                ]
            ],
            "accuracy": [
                0.8469387755102041,
                [
                    0.7653061224489796,
                    0.9081632653061225
                ]
            ],
            "precision": [
                0.8455188768304749,
                [
                    0.744369166922696,
                    0.90738252680329
                ]
            ],
            "recall": [
                0.8712871287128713,
                [
                    0.797979797979798,
                    0.93
                ]
            ]
        }
    },
    "Llama-2-70b-chat-hf": {
        "metrics": {
            "f1-weighted": [
                0.5562750869681562,
                [
                    0.43661170363739915,
                    0.6654291062865252
                ]
            ],
            "accuracy": [
                0.6326530612244898,
                [
                    0.5306122448979592,
                    0.7244897959183674
                ]
            ],
            "precision": [
                0.48715783343040187,
                [
                    0.3585871150452252,
                    0.6074348737043489
                ]
            ],
            "recall": [
                0.6534653465346535,
                [
                    0.5555555555555556,
                    0.7425742574257426
                ]
            ]
        }
    },
    "MeLLaMA-13B-chat": {
        "metrics": {
            "f1-weighted": [
                0.5626975855480285,
                [
                    0.44765520110412554,
                    0.6679135836070104
                ]
            ],
            "accuracy": [
                0.6428571428571429,
                [
                    0.5408163265306123,
                    0.7346938775510204
                ]
            ],