{
    "Med-LLaMA3-8B": {
        "metrics": {
            "f1-weighted": [
                0.47291788002329643,
                [
                    0.3602939132926108,
                    0.5875787578757876
                ]
            ],
            "accuracy": [
                0.42857142857142855,
                [
                    0.336734693877551,
                    0.5306122448979592
                ]
            ],
            "precision": [
                0.401980198019802,
                [
                    0.287806997794414,
                    0.527471484098311
                ]
            ],
            "recall": [
                0.5742574257425742,
                [
                    0.4752475247524752,
                    0.6666666666666666
                ]
            ]
        },
        "nr_faulty_parsable": 96,
        "nr_non_parsable": 2
    },
    "MeLLaMA-13B-chat": {
        "metrics": {
            "f1-weighted": [
                0.5304412020149383,
                [
                    0.41875771778539567,
                    0.6393935656234047
                ]
            ],
            "accuracy": [
                0.5918367346938775,
                [
                    0.4897959183673469,
                    0.6836734693877551
                ]
            ],
            "precision": [
                0.47291133607742797,
                [
                    0.34557143775756094,
                    0.5861857875105154
                ]
            ],
            "recall": [
                0.6237623762376238,
                [
                    0.5252525252525253,
                    0.7128712871287128
                ]
            ]
        },
        "nr_faulty_parsable": 1,
        "nr_non_parsable": 4
    },
    "gpt-4o-mini": {
        "metrics": {
            "f1-weighted": [
                0.6691835360965973,
                [
                    0.556412221605643,
                    0.7624263741485168
                ]
            ],
            "accuracy": [
                0.6530612244897959,
                [
                    0.5510204081632653,
                    0.7448979591836735
                ]
            ],
            "precision": [
                0.6578571712592947,
                [
                    0.5160541859689932,
                    0.7752131558552059
                ]
            ],
            "recall": [
                0.7524752475247525,
                [
                    0.6601255841026836,
                    0.8316831683168316
                ]
            ]
        },
        "nr_faulty_parsable": 0,
        "nr_non_parsable": 0
    },
    "Meta-Llama-3-8B-Instruct": {
        "metrics": {
            "f1-weighted": [
                0.6118314290375689,
                [
                    0.49869805962056085,
                    0.7142269891310407
                ]
            ],
            "accuracy": [
                0.6326530612244898,
                [
                    0.5306122448979592,
                    0.7244897959183674
                ]
            ],
            "precision": [
                0.7430812358344268,
                [
                    0.5352110471290691,
                    0.8791256515225891
                ]
            ],
            "recall": [
                0.693069306930693,
                [
                    0.5980392156862745,
                    0.7788461538461539
                ]
            ]
        },
        "nr_faulty_parsable": 0,
        "nr_non_parsable": 0
    },
    "Llama-3.1-8B-Instruct": {
        "metrics": {
            "f1-weighted": [
                0.5873078736445072,
                [
                    0.46962165972184805,
                    0.689213744160186
                ]
            ],
            "accuracy": [
                0.6020408163265306,
                [
                    0.5,
                    0.6938775510204082
                ]
            ],
            "precision": [
                0.4996508271516807,
                [
                    0.375428572380679,
                    0.6111889946784402
                ]
            ],
            "recall": [
                0.7227722772277227,
                [
                    0.6262626262626263,
                    0.803921568627451
                ]
            ]
        },
        "nr_faulty_parsable": 25,
        "nr_non_parsable": 1
    },
    "MeLLaMA-70B-chat": {
        "metrics": {
            "f1-weighted": [
                0.0,
                [
                    NaN,
                    NaN
                ]
            ],
            "accuracy": [
                0.0,
                [
                    NaN,
                    NaN
                ]
            ],
            "precision": [
                0.0,
                [
                    NaN,
                    NaN
                ]
            ],
            "recall": [
                0.0,
                [
                    NaN,
                    NaN
                ]
            ]
        },
        "nr_faulty_parsable": 0,
        "nr_non_parsable": 98
    },
    "gpt-4o-2024-08-06": {
        "metrics": {
            "f1-weighted": [
                0.8553613897975163,
                [
                    0.7728036752826597,
                    0.9170213873261454
                ]
            ],
            "accuracy": [
                0.8469387755102041,
                [
                    0.7653061224489796,
                    0.9081632653061225
                ]
            ],
            "precision": [
                0.8455188768304749,
                [
                    0.744369166922696,
                    0.90738252680329
                ]
            ],
            "recall": [
                0.8712871287128713,
                [
                    0.797979797979798,
                    0.93
                ]
            ]
        },
        "nr_faulty_parsable": 0,
        "nr_non_parsable": 0
    },
    "Llama-2-70b-chat-hf": {
        "metrics": {
            "f1-weighted": [
                0.5501934299390204,
                [
                    0.4322151671545464,
                    0.6641710673013687
                ]
            ],
            "accuracy": [
                0.6428571428571429,
                [
                    0.5408163265306123,
                    0.7346938775510204
                ]
            ],
            "precision": [
                0.48946144614461445,
                [
                    0.3697406678699522,
                    0.6268664480036465
                ]
            ],
            "recall": [
                0.6534653465346535,
                [
                    0.5576923076923077,
                    0.7425742574257426
                ]
            ]
        },
        "nr_faulty_parsable": 0,
        "nr_non_parsable": 0
    },
    "Llama-2-13b-chat-hf": {
        "metrics": {
            "f1-weighted": [
                0.5042777796943457,
                [
                    0.3980670548078076,
                    0.6065142559302522
                ]
            ],
            "accuracy": [
                0.47959183673469385,
                [
                    0.37755102040816324,
                    0.5816326530612245
                ]
            ],
            "precision": [
                0.5298679867986799,
                [
                    0.40258640479485575,
                    0.6670032512345098
                ]
            ],
            "recall": [
                0.49504950495049505,
                [
                    0.39805825242718446,
                    0.59
                ]
            ]
        },
        "nr_faulty_parsable": 0,
        "nr_non_parsable": 1
    },