{
    "Llama-2-13b-chat-hf": {
        "selected_1shot": {
            "metrics": {
                "f1-weighted": [
                    0.8166300366300366,
                    [
                        0.70626513486773,
                        0.8948746726524504
                    ]
                ],
                "accuracy": [
                    0.8571428571428571,
                    [
                        0.7755102040816326,
                        0.9183673469387755
                    ]
                ],
                "precision": [
                    0.7814583333333333,
                    [
                        0.6422700195568882,
                        0.8762145585785536
                    ]
                ],
                "recall": [
                    0.86,
                    [
                        0.7818042567654649,
                        0.9191919191919192
                    ]
                ]
            }
        }
    },
    "tuned": {
        "instruction_8b": {
            "metrics": {
                "f1-weighted": [
                    0.8657983193277312,
                    [
                        0.7786149230838125,
                        0.9242283337298846
                    ]
                ],
                "accuracy": [
                    0.8571428571428571,
                    [
                        0.7857142857142857,
                        0.9183673469387755
                    ]
                ],
                "precision": [
                    0.8646666666666667,
                    [
                        0.7488378123192152,
                        0.9203115591097636
                    ]
                ],
                "recall": [
                    0.87,
                    [
                        0.7961121891517239,
                        0.9292929292929293
                    ]
                ]
            }
        }
    },
    "Med-LLaMA3-8B": {
        "selected_5shot": {
            "metrics": {
                "f1-weighted": [
                    0.0,
                    [
                        NaN,
                        NaN
                    ]
                ],
                "accuracy": [
                    0.0,
                    [
                        NaN,
                        NaN
                    ]
                ],
                "precision": [
                    0.0,
                    [
                        NaN,
                        NaN
                    ]
                ],
                "recall": [
                    0.0,
                    [
                        NaN,
                        NaN
                    ]
                ]
            }
        },
        "selected_1shot": {
            "metrics": {
                "f1-weighted": [
                    0.6390114363248691,
                    [
                        0.540431306735729,
                        0.7359686188421789
                    ]
                ],
                "accuracy": [
                    0.16326530612244897,
                    [
                        0.09323378194094023,
                        0.24489795918367346
                    ]
                ],
                "precision": [
                    0.7221521942110178,
                    [
                        0.585468130873773,
                        0.8393752600713316
                    ]
                ],
                "recall": [
                    0.59,
                    [
                        0.49499327456161496,
                        0.69
                    ]
                ]
            }
        },
        "selected_3shot": {
            "metrics": {
                "f1-weighted": [
                    0.233240589198036,
                    [
                        0.14514658495080562,
                        0.33992900244881147
                    ]
                ],
                "accuracy": [
                    0.0,
                    [
                        NaN,
                        NaN
                    ]
                ],
                "precision": [
                    0.6698191214470284,
                    [
                        0.45185538421460647,
                        0.826128954707748
                    ]
                ],
                "recall": [
                    0.15000000000000002,
                    [
                        0.09136063482450117,
                        0.23232323232323232
                    ]
                ]
            }
        }
    },
    "MeLLaMA-70B-chat": {
        "selected_1shot": {
            "metrics": {
                "f1-weighted": [
                    0.8356043956043956,
                    [
                        0.7390538507977056,
                        0.9079073150226749
                    ]
                ],
                "accuracy": [
                    0.8673469387755102,
                    [
                        0.7857142857142857,
                        0.9285714285714286
                    ]
                ],
                "precision": [
                    0.7970833333333335,
                    [
                        0.6759142183512523,
                        0.8837454340299029
                    ]
                ],
                "recall": [
                    0.88,
                    [
                        0.8055539493574965,
                        0.9327835067602629
                    ]
                ]
            }
        }
    },
    "Meta-Llama-3-8B-Instruct": {
        "selected_5shot": {
            "metrics": {
                "f1-weighted": [
                    0.7265294117647058,
                    [
                        0.6330827072642149,
                        0.7987900773639529
                    ]
                ],
                "accuracy": [
                    0.6530612244897959,
                    [
                        0.5612244897959183,
                        0.7346938775510204
                    ]
                ],
                "precision": [
                    0.8211134168728549,
                    [
                        0.6900591012359978,
                        0.8992698521096391
                    ]
                ],
                "recall": [
                    0.66,
                    [
                        0.5652449674147898,
                        0.7435290217417994
                    ]
                ]
            }
        },
        "selected_3shot": {
            "metrics": {
                "f1-weighted": [
                    0.6276392779333956,
                    [
                        0.5371613129646512,
                        0.7035241480456733
                    ]
                ],
                "accuracy": [
                    0.4897959183673469,
                    [
                        0.3979591836734694,
                        0.5816326530612245
                    ]
                ],
                "precision": [
                    0.8410241134751772,
                    [
                        0.7234580556457479,
                        0.9166307748195416
                    ]
                ],
                "recall": [
                    0.53,
                    [
                        0.43434343434343436,
                        0.62
                    ]
                ]
            }
        },
        "selected_1shot": {
            "metrics": {
                "f1-weighted": [
                    0.8569139194139194,
                    [
                        0.7529075777593877,
                        0.9149342964484466
                    ]
                ],
                "accuracy": [
                    0.8673469387755102,
                    [
                        0.7857142857142857,
                        0.9183673469387755
                    ]
                ],