{
    "gpt-4o-mini": {
        "metrics": {
            "f1-weighted": [
                0.4562604728622199,
                [
                    0.33709854789824306,
                    0.5661976805689666
                ]
            ],
            "accuracy": [
                0.44329896907216493,
                [
                    0.35051546391752575,
                    0.5463917525773195
                ]
            ],
            "precision": [
                0.7863393639242638,
                [
                    0.5800899463834838,
                    0.8237174261391482
                ]
            ],
            "recall": [
                0.5154639175257731,
                [
                    0.41237113402061853,
                    0.6185567010309279
                ]
            ]
        }
    },
    "Llama-2-70b-chat-hf": {
        "metrics": {
            "f1-weighted": [
                0.6234076608051948,
                [
                    0.5150002950216683,
                    0.7146968835270405
                ]
            ],
            "accuracy": [
                0.5773195876288659,
                [
                    0.4742268041237113,
                    0.6804123711340206
                ]
            ],
            "precision": [
                0.7552171196501093,
                [
                    0.624007578852904,
                    0.8120782560327396
                ]
            ],
            "recall": [
                0.6391752577319587,
                [
                    0.5360824742268041,
                    0.7319587628865979
                ]
            ]
        }
    },
    "MeLLaMA-70B-chat": {
        "metrics": {
            "f1-weighted": [
                0.6466470179136947,
                [
                    0.5424221315493809,
                    0.7373704060108444
                ]
            ],
            "accuracy": [
                0.6288659793814433,
                [
                    0.5257731958762887,
                    0.7216494845360825
                ]
            ],
            "precision": [
                0.7292202104209382,
                [
                    0.5860151270970675,
                    0.7947191265698733
                ]
            ],
            "recall": [
                0.6597938144329897,
                [
                    0.5670103092783505,
                    0.7525773195876289
                ]
            ]
        }
    },
    "Llama-3.1-8B-Instruct": {
        "metrics": {
            "f1-weighted": [
                0.503897601578014,
                [
                    0.39214730789003,
                    0.6108551850021418
                ]
            ],
            "accuracy": [
                0.41237113402061853,
                [
                    0.31958762886597936,
                    0.5154639175257731
                ]
            ],
            "precision": [
                0.7912027491408935,
                [
                    0.37549810121573607,
                    0.8136946243817789
                ]
            ],
            "recall": [
                0.5773195876288659,
                [
                    0.4742268041237113,
                    0.6701030927835051
                ]
            ]
        }
    },
    "gpt-4o-2024-08-06": {
        "metrics": {
            "f1-weighted": [
                0.6216621967076789,
                [
                    0.5104601842619205,
                    0.7243185550540193
                ]
            ],
            "accuracy": [
                0.6391752577319587,
                [
                    0.5463917525773195,
                    0.7319587628865979
                ]
            ],
            "precision": [
                0.7892291665790384,
                [
                    0.6021856629523412,
                    0.8355817290355593
                ]
            ],
            "recall": [
                0.6391752577319587,
                [
                    0.5463917525773195,
                    0.7319587628865979
                ]
            ]
        }
    },
    "Meta-Llama-3-8B-Instruct": {
        "metrics": {
            "f1-weighted": [
                0.6015008305678887,
                [
                    0.48749721855827,
                    0.695034368938229
                ]
            ],
            "accuracy": [
                0.5463917525773195,
                [
                    0.44329896907216493,
                    0.6494845360824743
                ]
            ],
            "precision": [
                0.7743292082891842,
                [
                    0.6040697586690642,
                    0.8176720012841387
                ]
            ],
            "recall": [
                0.6391752577319587,
                [
                    0.5360824742268041,
                    0.7319587628865979
                ]
            ]
        }
    },
    "Llama-2-13b-chat-hf": {
        "metrics": {
            "f1-weighted": [
                0.5410718963252413,
                [
                    0.4320619499738158,
                    0.6482862993822325
                ]
            ],
            "accuracy": [
                0.5670103092783505,
                [
                    0.4639175257731959,
                    0.6597938144329897
                ]
            ],
            "precision": [
                0.6545642456657107,
                [
                    0.5060402164640609,
                    0.78705653173824
                ]
            ],
            "recall": [
                0.5773195876288659,
                [
                    0.4742268041237113,
                    0.6701030927835051
                ]
            ]
        }
    },
    "tuned": {
        "metrics": {
            "f1-weighted": [
                0.7433775515931671,
                [
                    0.6413585029791362,
                    0.8219223313192234
                ]
            ],
            "accuracy": [
                0.7319587628865979,
                [
                    0.6288659793814433,
                    0.8144329896907216
                ]
            ],
            "precision": [
                0.7589214908802537,
                [
                    0.6431998995771696,
                    0.824918594680213
                ]
            ],
            "recall": [
                0.7422680412371134,
                [
                    0.6494845360824743,
                    0.8247422680412371
                ]
            ]
        }
    },
    "MeLLaMA-13B-chat": {
        "metrics": {
            "f1-weighted": [
                0.4432360308648969,
                [
                    0.33877714808814474,
                    0.5468503681351273
                ]
            ],
            "accuracy": [
                0.41237113402061853,
                [
                    0.31958762886597936,
                    0.5154639175257731
                ]
            ],
            "precision": [
                0.5172183385646091,
                [
                    0.366867409322664,
                    0.6340275035482928
                ]
            ],
            "recall": [
                0.422680412371134,
                [
                    0.32989690721649484,
                    0.5257731958762887
                ]
            ]
        }
    },
    "Med-LLaMA3-8B": {
        "metrics": {
            "f1-weighted": [
                0.3050233804588586,
                [
                    0.21912530281764303,
                    0.40765589049285605
                ]
            ],
            "accuracy": [
                0.30927835051546393,
                [
                    0.2268041237113402,
                    0.40520884549130776
                ]
            ],