{
    "MeLLaMA-13B-chat": {
        "selected_1shot": {
            "metrics": {
                "f1-weighted": [
                    0.39880358818411915,
                    [
                        0.34980287756225864,
                        0.44312553957109463
                    ]
                ],
                "accuracy": [
                    0.2831858407079646,
                    [
                        0.2407079646017699,
                        0.32035398230088497
                    ]
                ],
                "precision": [
                    0.6798362201713126,
                    [
                        0.6151088030406717,
                        0.7370886954495839
                    ]
                ],
                "recall": [
                    0.2831858407079646,
                    [
                        0.2407079646017699,
                        0.32035398230088497
                    ]
                ]
            }
        }
    },
    "tuned": {
        "instruction_8b": {
            "metrics": {
                "f1-weighted": [
                    0.8523970068657224,
                    [
                        0.8224241803587993,
                        0.8813494122797488
                    ]
                ],
                "accuracy": [
                    0.8513274336283185,
                    [
                        0.8212389380530973,
                        0.8808107782545997
                    ]
                ],
                "precision": [
                    0.8603731342620049,
                    [
                        0.830399429091884,
                        0.8859339395532013
                    ]
                ],
                "recall": [
                    0.8513274336283185,
                    [
                        0.8212389380530973,
                        0.8808107782545997
                    ]
                ]
            }
        }
    },
    "Meta-Llama-3-8B-Instruct": {
        "selected_3shot": {
            "metrics": {
                "f1-weighted": [
                    0.6648741035897594,
                    [
                        0.6227192939855579,
                        0.7079481380181416
                    ]
                ],
                "accuracy": [
                    0.6814159292035398,
                    [
                        0.6424778761061947,
                        0.7220087880773418
                    ]
                ],
                "precision": [
                    0.6816630040981173,
                    [
                        0.6406102973348663,
                        0.7196475705063423
                    ]
                ],
                "recall": [
                    0.6814159292035398,
                    [
                        0.6424778761061947,
                        0.7220087880773418
                    ]
                ]
            }
        },
        "selected_1shot": {
            "metrics": {
                "f1-weighted": [
                    0.4157955413704725,
                    [
                        0.3677105073047218,
                        0.4685404248416356
                    ]
                ],
                "accuracy": [
                    0.4902654867256637,
                    [
                        0.449013759074105,
                        0.5345132743362832
                    ]
                ],
                "precision": [
                    0.6682088800192785,
                    [
                        0.5913471774713593,
                        0.7148281925576353
                    ]
                ],
                "recall": [
                    0.49380530973451325,
                    [
                        0.45309734513274336,
                        0.5380530973451327
                    ]
                ]
            }
        },
        "selected_5shot": {
            "metrics": {
                "f1-weighted": [
                    0.592224319436709,
                    [
                        0.5439168170147697,
                        0.6443774901976433
                    ]
                ],
                "accuracy": [
                    0.6548672566371682,
                    [
                        0.6176991150442478,
                        0.6973451327433628
                    ]
                ],
                "precision": [
                    0.7035183628318584,
                    [
                        0.6554070304075992,
                        0.7496794263234439
                    ]
                ],
                "recall": [
                    0.6548672566371682,
                    [
                        0.6176991150442478,
                        0.6973451327433628
                    ]
                ]
            }
        }
    },
    "gpt-4o-2024-08-06": {
        "selected_5shot": {
            "metrics": {
                "f1-weighted": [
                    0.7909420345220363,
                    [
                        0.7575313721172611,
                        0.8234177917054343
                    ]
                ],
                "accuracy": [
                    0.7893805309734513,
                    [
                        0.7553426140514533,
                        0.822684461745975
                    ]
                ],
                "precision": [
                    0.8000052633636137,
                    [
                        0.7673561371747315,
                        0.8318311146670102
                    ]
                ],
                "recall": [
                    0.7893805309734513,
                    [
                        0.7553426140514533,
                        0.822684461745975
                    ]
                ]
            }
        },
        "selected_3shot": {
            "metrics": {
                "f1-weighted": [
                    0.7022183362720832,
                    [
                        0.6613586442731885,
                        0.7381330590550678
                    ]
                ],
                "accuracy": [
                    0.7044247787610619,
                    [
                        0.6637168141592921,
                        0.7398230088495575
                    ]
                ],
                "precision": [
                    0.7662571668951764,
                    [
                        0.7305479596454906,
                        0.7955206047378609
                    ]
                ],
                "recall": [
                    0.7044247787610619,
                    [
                        0.6637168141592921,
                        0.7398230088495575
                    ]
                ]
            }
        },
        "selected_1shot": {
            "metrics": {
                "f1-weighted": [
                    0.7008163648556229,
                    [
                        0.6606140967124794,
                        0.7365070657641092
                    ]
                ],
                "accuracy": [
                    0.7026548672566372,
                    [
                        0.6619469026548672,
                        0.7370579177672928
                    ]
                ],
                "precision": [
                    0.7614774243777465,
                    [
                        0.7249759015253449,
                        0.791773980332328
                    ]
                ],
                "recall": [
                    0.7026548672566372,
                    [
                        0.6619469026548672,
                        0.7370579177672928
                    ]
                ]
            }
        }
    },