{
    "MeLLaMA-70B-chat": {
        "metrics": {
            "f1-weighted": [
                0.8079817865273872,
                [
                    0.7310554482902286,
                    0.8687590689698533
                ]
            ],
            "accuracy": [
                0.5208333333333334,
                [
                    0.4270833333333333,
                    0.625
                ]
            ],
            "precision": [
                0.8487424336781357,
                [
                    0.7604374770710185,
                    0.9022060299336511
                ]
            ],
            "recall": [
                0.8244274809160306,
                [
                    0.7482993197278912,
                    0.8852459016393442
                ]
            ]
        }
    },
    "Llama-2-70b-chat-hf": {
        "metrics": {
            "f1-weighted": [
                0.8280772654582123,
                [
                    0.7623645992027359,
                    0.8861439581838676
                ]
            ],
            "accuracy": [
                0.7291666666666666,
                [
                    0.6354166666666666,
                    0.8125
                ]
            ],
            "precision": [
                0.8505379240232444,
                [
                    0.7660425053070435,
                    0.90423087681351
                ]
            ],
            "recall": [
                0.8396946564885496,
                [
                    0.7753623188405797,
                    0.8968253968253969
                ]
            ]
        }
    },
    "tuned": {
        "metrics": {
            "f1-weighted": [
                0.852402412105104,
                [
                    0.7894338800577146,
                    0.903978112722415
                ]
            ],
            "accuracy": [
                0.75,
                [
                    0.65625,
                    0.8333333333333334
                ]
            ],
            "precision": [
                0.9072008113590264,
                [
                    0.8293349393175461,
                    0.9552768837180986
                ]
            ],
            "recall": [
                0.8549618320610687,
                [
                    0.7926718962218992,
                    0.905511811023622
                ]
            ]
        }
    },
    "gpt-4o-2024-08-06": {
        "metrics": {
            "f1-weighted": [
                0.9225763230855201,
                [
                    0.8836324398597137,
                    0.9471869440632263
                ]
            ],
            "accuracy": [
                0.78125,
                [
                    0.6875,
                    0.8541666666666666
                ]
            ],
            "precision": [
                0.895757798007616,
                [
                    0.8459008111882308,
                    0.9262932085987015
                ]
            ],
            "recall": [
                0.9618320610687023,
                [
                    0.920523534959345,
                    0.9855072463768116
                ]
            ]
        }
    },
    "Llama-3.1-8B-Instruct": {
        "metrics": {
            "f1-weighted": [
                0.8488921818773164,
                [
                    0.7744806997671259,
                    0.8985767704293212
                ]
            ],
            "accuracy": [
                0.7083333333333334,
                [
                    0.6145833333333334,
                    0.7916666666666666
                ]
            ],
            "precision": [
                0.829578882716135,
                [
                    0.7509209961945265,
                    0.8757513297023783
                ]
            ],
            "recall": [
                0.9007633587786259,
                [
                    0.8321689197119023,
                    0.946969696969697
                ]
            ]
        }
    },
    "Meta-Llama-3-8B-Instruct": {
        "metrics": {
            "f1-weighted": [
                0.8455347250847451,
                [
                    0.7738195219804065,
                    0.8933355267225032
                ]
            ],
            "accuracy": [
                0.7083333333333334,
                [
                    0.6041666666666666,
                    0.7916666666666666
                ]
            ],
            "precision": [
                0.8377792065653137,
                [
                    0.7441846914635739,
                    0.8912461634857245
                ]
            ],
            "recall": [
                0.8778625954198473,
                [
                    0.8153846153846154,
                    0.9256198347107438
                ]
            ]
        }
    },
    "Llama-2-13b-chat-hf": {
        "metrics": {
            "f1-weighted": [
                0.7461466698273355,
                [
                    0.6676220588167241,
                    0.8125484730552289
                ]
            ],
            "accuracy": [
                0.5,
                [
                    0.40625,
                    0.6041666666666666
                ]
            ],
            "precision": [
                0.7966914470328681,
                [
                    0.716386691421347,
                    0.9070962156076608
                ]
            ],
            "recall": [
                0.7633587786259542,
                [
                    0.6818181818181818,
                    0.8306451612903226
                ]
            ]
        }
    },
    "gpt-4o-mini": {
        "metrics": {
            "f1-weighted": [
                0.8717104841132918,
                [
                    0.8104044635088599,
                    0.9081884410121962
                ]
            ],
            "accuracy": [
                0.71875,
                [
                    0.625,
                    0.8020833333333334
                ]
            ],
            "precision": [
                0.8236470210777008,
                [
                    0.7520565388823387,
                    0.8677225143158458
                ]
            ],
            "recall": [
                0.9312977099236641,
                [
                    0.875,
                    0.9682662364024064
                ]
            ]
        }
    },
    "MeLLaMA-13B-chat": {
        "metrics": {
            "f1-weighted": [
                0.5981994366136203,
                [
                    0.5171328120547952,
                    0.6820542908416868
                ]
            ],
            "accuracy": [
                0.4583333333333333,
                [
                    0.3645833333333333,
                    0.5625
                ]
            ],
            "precision": [
                0.8179752817157396,
                [
                    0.744345627141284,
                    0.8904088862672191
                ]
            ],
            "recall": [
                0.5190839694656488,
                [
                    0.4244604316546763,
                    0.6016260162601627
                ]
            ]
        }
    },
    "Med-LLaMA3-8B": {
        "metrics": {
            "f1-weighted": [
                0.5242080577990703,
                [
                    0.44886029320284576,
                    0.598140697203932
                ]
            ],
            "accuracy": [
                0.375,
                [
                    0.28125,
                    0.46875
                ]
            ],
            "precision": [
                0.5292311935528169,
                [
                    0.453374366119433,
                    0.6010031268646233
                ]
            ],