Model,F1,F1 CI Lower,F1 CI Upper,Accuracy,Accuracy CI Lower,Accuracy CI Upper,Precision,Precision CI Lower,Precision CI Upper,Recall,Recall CI Lower,Recall CI Upper
pubmedbert,0.8641243281762593,0.7769446756238289,0.9237635468925769,0.8762886597938144,0.7938144329896907,0.9278350515463918,0.8544903879675283,0.75010500439809,0.9174575817970992,0.8762886597938144,0.7938144329896907,0.9278350515463918
scibert,0.8407305625537745,0.7485737100560228,0.9071799438208562,0.8556701030927835,0.7731958762886598,0.9175257731958762,0.8273286308554891,0.7169769855510552,0.8972045162887496,0.8556701030927835,0.7731958762886598,0.9175257731958762
clinicalbert,0.842994460493049,0.7532827078576751,0.9075928996793569,0.8556701030927835,0.7731958762886598,0.9175257731958762,0.8370273249541318,0.7324528971138341,0.8997835320206988,0.8556701030927835,0.7731958762886598,0.9175257731958762
biomedbert-abstract,0.8641243281762593,0.7769446756238289,0.9237635468925769,0.8762886597938144,0.7938144329896907,0.9278350515463918,0.8544903879675283,0.75010500439809,0.9174575817970992,0.8762886597938144,0.7938144329896907,0.9278350515463918
biolinkbert,0.8732648280670662,0.7842229908198962,0.9324648464876405,0.8865979381443299,0.8144329896907216,0.9381443298969072,0.8636229749631812,0.7572826122337608,0.9237441058311229,0.8865979381443299,0.8144329896907216,0.9381443298969072
biobert,0.8111875281611537,0.7142151388811231,0.8820846214111393,0.8247422680412371,0.7422680412371134,0.8865979381443299,0.8035504529834426,0.686908813650847,0.8749164669683527,0.8247422680412371,0.7422680412371134,0.8865979381443299
