Model,F1,F1 CI Lower,F1 CI Upper,Accuracy,Accuracy CI Lower,Accuracy CI Upper,Precision,Precision CI Lower,Precision CI Upper,Recall,Recall CI Lower,Recall CI Upper
biobert,0.7676759646022029,0.6670958545211285,0.849295216520581,0.7959183673469388,0.7040816326530612,0.8673469387755102,0.7416606094492592,0.6239572933584473,0.8316382838572276,0.7959183673469388,0.7040816326530612,0.8673469387755102
clinicalbert,0.7564422784038988,0.6596544605812416,0.8367431449087749,0.7755102040816326,0.6836734693877551,0.8469387755102041,0.7507064364207221,0.6387366712357373,0.8335322377105628,0.7755102040816326,0.6836734693877551,0.8469387755102041
biolinkbert,0.7818964320422046,0.6796356588389625,0.8631771350135504,0.8163265306122449,0.7346938775510204,0.8877551020408163,0.7529042386185244,0.6362734595416761,0.8431449502878073,0.8163265306122449,0.7346938775510204,0.8877551020408163
scibert,0.7875092500290497,0.6899085086036743,0.8673205906933379,0.8163265306122449,0.7346938775510204,0.8877551020408163,0.7609505171931786,0.6447746784579546,0.8490334478202127,0.8163265306122449,0.7346938775510204,0.8877551020408163
pubmedbert,0.7688522217397599,0.6683354500197035,0.8491717434177145,0.7959183673469388,0.7040816326530612,0.8673469387755102,0.744440083725798,0.6273011226212128,0.8329794647731951,0.7959183673469388,0.7040816326530612,0.8673469387755102
biomedbert-abstract,0.7688522217397599,0.6683354500197035,0.8491717434177145,0.7959183673469388,0.7040816326530612,0.8673469387755102,0.744440083725798,0.6273011226212128,0.8329794647731951,0.7959183673469388,0.7040816326530612,0.8673469387755102
