{
    "Llama-3.1-8B-Instruct": {
        "metrics": {
            "f1-weighted": [
                0.2591030419016922,
                [
                    0.16369263959060584,
                    0.36697485186582113
                ]
            ],
            "accuracy": [
                0.2916666666666667,
                [
                    0.20833333333333334,
                    0.3854166666666667
                ]
            ],
            "precision": [
                0.8414439203354297,
                [
                    0.786712693388109,
                    0.8827726121694367
                ]
            ],
            "recall": [
                0.3333333333333333,
                [
                    0.23958333333333334,
                    0.4270833333333333
                ]
            ]
        }
    },
    "gpt-4o-mini": {
        "metrics": {
            "f1-weighted": [
                0.21638148608426155,
                [
                    0.13548539251429628,
                    0.3189937866036183
                ]
            ],
            "accuracy": [
                0.2916666666666667,
                [
                    0.20833333333333334,
                    0.3854166666666667
                ]
            ],
            "precision": [
                0.843844696969697,
                [
                    0.12310277419094856,
                    0.8909571246887923
                ]
            ],
            "recall": [
                0.3020833333333333,
                [
                    0.21875,
                    0.3958333333333333
                ]
            ]
        }
    },
    "Llama-2-70b-chat-hf": {
        "metrics": {
            "f1-weighted": [
                0.3388212289337029,
                [
                    0.23641368812784685,
                    0.4519261919643811
                ]
            ],
            "accuracy": [
                0.375,
                [
                    0.28125,
                    0.4791666666666667
                ]
            ],
            "precision": [
                0.772527069704489,
                [
                    0.49195668434870937,
                    0.8623785845646365
                ]
            ],
            "recall": [
                0.375,
                [
                    0.28125,
                    0.4791666666666667
                ]
            ]
        }
    },
    "MeLLaMA-13B-chat": {
        "metrics": {
            "f1-weighted": [
                0.5427579365079365,
                [
                    0.43700798793147655,
                    0.6445906104060446
                ]
            ],
            "accuracy": [
                0.4479166666666667,
                [
                    0.3541666666666667,
                    0.5520833333333334
                ]
            ],
            "precision": [
                0.8046747031122031,
                [
                    0.623275349690897,
                    0.8958385548141097
                ]
            ],
            "recall": [
                0.4479166666666667,
                [
                    0.3541666666666667,
                    0.5520833333333334
                ]
            ]
        }
    },
    "Llama-2-13b-chat-hf": {
        "metrics": {
            "f1-weighted": [
                0.37878461337513064,
                [
                    0.2740917037228379,
                    0.48529656657909764
                ]
            ],
            "accuracy": [
                0.3229166666666667,
                [
                    0.22916666666666666,
                    0.4166666666666667
                ]
            ],
            "precision": [
                0.8432539682539683,
                [
                    0.6721330359735795,
                    0.9062701813544567
                ]
            ],
            "recall": [
                0.3229166666666667,
                [
                    0.22916666666666666,
                    0.4166666666666667
                ]
            ]
        }
    },
    "gpt-4o-2024-08-06": {
        "metrics": {
            "f1-weighted": [
                0.4727725928192575,
                [
                    0.3606860947541346,
                    0.5780293545856395
                ]
            ],
            "accuracy": [
                0.46875,
                [
                    0.375,
                    0.5729166666666666
                ]
            ],
            "precision": [
                0.8561304644808744,
                [
                    0.8138452862330724,
                    0.8935363160523211
                ]
            ],
            "recall": [
                0.46875,
                [
                    0.375,
                    0.5729166666666666
                ]
            ]
        }
    },
    "MeLLaMA-70B-chat": {
        "metrics": {
            "f1-weighted": [
                0.16486344537815126,
                [
                    0.09162524108356723,
                    0.2646711620733158
                ]
            ],
            "accuracy": [
                0.2916666666666667,
                [
                    0.20833333333333334,
                    0.3854166666666667
                ]
            ],
            "precision": [
                0.7891398965617715,
                [
                    0.05655240451773822,
                    0.8350119030968136
                ]
            ],
            "recall": [
                0.2916666666666667,
                [
                    0.20833333333333334,
                    0.3854166666666667
                ]
            ]
        }
    },
    "tuned": {
        "metrics": {
            "f1-weighted": [
                0.9025322845172138,
                [
                    0.8264802010365132,
                    0.9565352754864674
                ]
            ],
            "accuracy": [
                0.90625,
                [
                    0.8333333333333334,
                    0.9583333333333334
                ]
            ],
            "precision": [
                0.9066587022132797,
                [
                    0.8206072230503436,
                    0.9528242311043205
                ]
            ],
            "recall": [
                0.90625,
                [
                    0.8333333333333334,
                    0.9583333333333334
                ]
            ]
        }
    },
    "Meta-Llama-3-8B-Instruct": {
        "metrics": {
            "f1-weighted": [
                0.2957105038811863,
                [
                    0.20001321190096094,
                    0.4083578326637979
                ]
            ],
            "accuracy": [
                0.34375,
                [
                    0.2604166666666667,
                    0.4479166666666667
                ]
            ],
            "precision": [
                0.7613760964912281,
                [
                    0.36840467642191993,
                    0.865228604716022
                ]
            ],
            "recall": [
                0.3541666666666667,
                [
                    0.2604166666666667,
                    0.4583333333333333
                ]
            ]
        }
    },
    "biobert": {
        "metrics": {
            "f1-weighted": [
                0.8918560606060607,
                [
                    0.8121390606633523,
                    0.9452365441742808
                ]
            ],
            "accuracy": [
                0.8958333333333334,
                [
                    0.8229166666666666,
                    0.9479166666666666
                ]
            ],
            "precision": [
                0.8934753316749586,
                [
                    0.790438299121028,
                    0.943418636561747
                ]
            ],